date,country,count
2016-01-22,CH,199
2016-01-22,US,270
2016-01-22,other,791
2016-01-23,CH,41
2016-01-23,US,117
2016-01-23,other,316
2016-01-24,CH,67
2016-01-24,US,101
2016-01-24,other,240
2016-01-25,CH,50
2016-01-25,US,299
2016-01-25,other,740
2016-01-26,CH,99
2016-01-26,US,656
2016-01-26,other,1180
2016-01-27,CH,189
2016-01-27,US,863
2016-01-27,other,1085
2016-01-28,CH,150
2016-01-28,US,736
2016-01-28,other,1397
2016-01-29,CH,125
2016-01-29,US,871
2016-01-29,other,686
2016-01-30,CH,35
2016-01-30,US,184
2016-01-30,other,238
2016-01-31,CH,45
2016-01-31,US,74
2016-01-31,other,363
2016-02-01,CH,200
2016-02-01,US,957
2016-02-01,other,1021
2016-02-02,CH,164
2016-02-02,US,587
2016-02-02,other,983
2016-02-03,CH,377
2016-02-03,US,877
2016-02-03,other,690
2016-02-04,CH,103
2016-02-04,US,424
2016-02-04,other,5712
2016-02-05,CH,121
2016-02-05,US,595
2016-02-05,other,1200
2016-02-06,CH,76
2016-02-06,US,321
2016-02-06,other,289
2016-02-07,CH,70
2016-02-07,US,739
2016-02-07,other,485
2016-02-08,CH,95
2016-02-08,US,600
2016-02-08,other,485
2016-02-09,CH,88
2016-02-09,US,271
2016-02-09,other,1068
2016-02-10,CH,245
2016-02-10,US,378
2016-02-10,other,866
2016-02-11,CH,236
2016-02-11,US,612
2016-02-11,other,885
2016-02-12,CH,168
2016-02-12,US,541
2016-02-12,other,660
2016-02-13,CH,63
2016-02-13,US,167
2016-02-13,other,181
2016-02-14,CH,76
2016-02-14,US,76
2016-02-14,other,192
2016-02-15,CH,150
2016-02-15,US,415
2016-02-15,other,585
2016-02-16,CH,71
2016-02-16,US,751
2016-02-16,other,858
2016-02-17,CH,257
2016-02-17,US,732
2016-02-17,other,2987
2016-02-18,CH,768
2016-02-18,US,493
2016-02-18,other,3965
2016-02-19,CH,452
2016-02-19,US,320
2016-02-19,other,962
2016-02-20,CH,58
2016-02-20,US,143
2016-02-20,other,181
2016-02-21,CH,40
2016-02-21,US,166
2016-02-21,other,208
2016-02-22,CH,66
2016-02-22,US,537
2016-02-22,other,853
2016-02-23,CH,207
2016-02-23,US,706
2016-02-23,other,1005
2016-02-24,CH,61
2016-02-24,US,909
2016-02-24,other,972
2016-02-25,CH,249
2016-02-25,US,703
2016-02-25,other,874
2016-02-26,CH,163
2016-02-26,US,269
2016-02-26,other,899
2016-02-27,CH,167
2016-02-27,US,79
2016-02-27,other,373
2016-02-28,CH,231
2016-02-28,US,92
2016-02-28,other,171
2016-02-29,CH,318
2016-02-29,US,591
2016-02-29,other,1326
2016-03-01,CH,275
2016-03-01,US,695
2016-03-01,other,1546
2016-03-02,CH,91
2016-03-02,US,650
2016-03-02,other,1484
2016-03-03,CH,212
2016-03-03,US,516
2016-03-03,other,1343
2016-03-04,CH,180
2016-03-04,US,850
2016-03-04,other,1813
2016-03-05,CH,60
2016-03-05,US,141
2016-03-05,other,210
2016-05-22,CH,172
2016-05-22,US,247
2016-05-22,other,377
2016-05-23,CH,144
2016-05-23,US,1097
2016-05-23,other,1098
2016-05-24,CH,241
2016-05-24,US,798
2016-05-24,other,1672
2016-05-25,CH,258
2016-05-25,US,1027
2016-05-25,other,1265
2016-05-26,CH,132
2016-05-26,US,1304
2016-05-26,other,2495
2016-05-27,CH,115
2016-05-27,US,867
2016-05-27,other,1138
2016-05-28,CH,36
2016-05-28,US,128
2016-05-28,other,541
2016-05-29,CH,66
2016-05-29,US,41
2016-05-29,other,222
2016-05-30,CH,209
2016-05-30,US,388
2016-05-30,other,812
2016-05-31,CH,349
2016-05-31,US,1528
2016-05-31,other,1227
2016-06-01,CH,271
2016-06-01,US,1360
2016-06-01,other,1285
2016-06-02,CH,212
2016-06-02,US,1670
2016-06-02,other,1161
2016-06-03,CH,593
2016-06-03,US,696
2016-06-03,other,1129
2016-06-04,CH,58
2016-06-04,US,256
2016-06-04,other,230
2016-06-05,CH,57
2016-06-05,US,152
2016-06-05,other,280
2016-06-06,CH,354
2016-06-06,US,1231
2016-06-06,other,936
2016-06-07,CH,1486
2016-06-07,US,889
2016-06-07,other,1265
2016-06-08,CH,1290
2016-06-08,US,521
2016-06-08,other,755
2016-06-09,CH,161
2016-06-09,US,657
2016-06-09,other,668
2016-06-10,CH,141
2016-06-10,US,889
2016-06-10,other,903
2016-06-11,CH,54
2016-06-11,US,365
2016-06-11,other,290
2016-06-12,CH,51
2016-06-12,US,87
2016-06-12,other,216
2016-06-13,CH,398
2016-06-13,US,1045
2016-06-13,other,1930
2016-06-14,CH,1388
2016-06-14,US,1052
2016-06-14,other,2155
2016-06-15,CH,400
2016-06-15,US,820
2016-06-15,other,1370
2016-06-16,CH,285
2016-06-16,US,1112
2016-06-16,other,976
2016-06-17,CH,1002
2016-06-17,US,1005
2016-06-17,other,997
2016-06-18,CH,144
2016-06-18,US,92
2016-06-18,other,288
2016-06-19,CH,36
2016-06-19,US,102
2016-06-19,other,263
2016-06-20,CH,548
2016-06-20,US,990
2016-06-20,other,2469
2016-06-21,CH,559
2016-06-21,US,856
2016-06-21,other,897
2016-06-22,CH,298
2016-06-22,US,1211
2016-06-22,other,1000
2016-06-23,CH,164
2016-06-23,US,1189
2016-06-23,other,876
2016-06-24,CH,2257
2016-06-24,US,935
2016-06-24,other,709
2016-06-25,CH,36
2016-06-25,US,28
2016-06-25,other,410
2016-06-26,CH,44
2016-06-26,US,81
2016-06-26,other,320
2016-06-27,CH,1196
2016-06-27,US,548
2016-06-27,other,1412
2016-06-28,CH,1233
2016-06-28,US,695
2016-06-28,other,585
2016-06-29,CH,4061
2016-06-29,US,316
2016-06-29,other,588
2016-06-30,CH,8393
2016-06-30,US,589
2016-06-30,other,1692
2016-07-01,CH,10168
2016-07-01,US,1257
2016-07-01,other,1153
2016-07-02,CH,42
2016-07-02,US,93
2016-07-02,other,220
2016-07-03,CH,44
2016-07-03,US,72
2016-07-03,other,364
2016-07-04,CH,2162
2016-07-04,US,167
2016-07-04,other,1161
2016-07-05,CH,890
2016-07-05,US,765
2016-07-05,other,1746
2016-07-06,CH,12127
2016-07-06,US,1045
2016-07-06,other,1502
2016-07-07,CH,1094
2016-07-07,US,567
2016-07-07,other,1475
2016-07-08,CH,754
2016-07-08,US,1147
2016-07-08,other,1193
2016-07-09,CH,64
2016-07-09,US,265
2016-07-09,other,280
2016-07-10,CH,43
2016-07-10,US,153
2016-07-10,other,333
2016-07-11,CH,7818
2016-07-11,US,1209
2016-07-11,other,4732
2016-07-12,CH,739
2016-07-12,US,1384
2016-07-12,other,899
2016-07-13,CH,551
2016-07-13,US,1621
2016-07-13,other,1665
2016-07-14,CH,128
2016-07-14,US,944
2016-07-14,other,3037
2016-07-15,CH,269
2016-07-15,US,946
2016-07-15,other,1046
2016-07-16,CH,46
2016-07-16,US,159
2016-07-16,other,152
2016-07-17,CH,91
2016-07-17,US,129
2016-07-17,other,224
2016-07-18,CH,115
2016-07-18,US,512
2016-07-18,other,689
2016-07-19,CH,733
2016-07-19,US,1431
2016-07-19,other,1097
2016-07-20,CH,993
2016-07-20,US,993
2016-07-20,other,1699
2016-07-21,CH,405
2016-07-21,US,727
2016-07-21,other,1106
2016-07-22,CH,775
2016-07-22,US,533
2016-07-22,other,852
2016-07-23,CH,37
2016-07-23,US,90
2016-07-23,other,382
2016-07-24,CH,48
2016-07-24,US,115
2016-07-24,other,185
2016-07-25,CH,431
2016-07-25,US,1276
2016-07-25,other,954
2016-07-26,CH,68
2016-07-26,US,923
2016-07-26,other,923
2016-07-27,CH,349
2016-07-27,US,1403
2016-07-27,other,7163
2016-07-28,CH,126
2016-07-28,US,1064
2016-07-28,other,1186
2016-07-29,CH,634
2016-07-29,US,1526
2016-07-29,other,1111
2016-07-30,CH,64
2016-07-30,US,266
2016-07-30,other,160
2016-07-31,CH,40
2016-07-31,US,184
2016-07-31,other,294
2016-08-01,CH,89
2016-08-01,US,981
2016-08-01,other,708
2016-08-02,CH,140
2016-08-02,US,1247
2016-08-02,other,1410
2016-08-03,CH,1842
2016-08-03,US,1133
2016-08-03,other,898
2016-08-04,CH,180
2016-08-04,US,901
2016-08-04,other,1201
2016-08-05,CH,135
2016-08-05,US,728
2016-08-05,other,977
2016-08-06,CH,42
2016-08-06,US,201
2016-08-06,other,122
2016-08-07,CH,48
2016-08-07,US,214
2016-08-07,other,265
2016-08-08,CH,247
2016-08-08,US,590
2016-08-08,other,1130
2016-08-09,CH,257
2016-08-09,US,1203
2016-08-09,other,978
2016-08-10,CH,329
2016-08-10,US,949
2016-08-10,other,909
2016-08-11,CH,224
2016-08-11,US,1320
2016-08-11,other,794
2016-08-12,CH,551
2016-08-12,US,687
2016-08-12,other,542
2016-08-13,CH,34
2016-08-13,US,111
2016-08-13,other,250
2016-08-14,CH,34
2016-08-14,US,159
2016-08-14,other,227
2016-08-15,CH,193
2016-08-15,US,920
2016-08-15,other,1036
2016-08-16,CH,107
2016-08-16,US,887
2016-08-16,other,575
2016-08-17,CH,190
2016-08-17,US,895
2016-08-17,other,3139
2016-08-18,CH,328
2016-08-18,US,1906
2016-08-18,other,871
2016-08-19,CH,230
2016-08-19,US,1554
2016-08-19,other,631
2016-08-20,CH,80
2016-08-20,US,225
2016-08-20,other,281
2016-08-21,CH,53
2016-08-21,US,352
2016-08-21,other,254
2016-08-22,CH,299
2016-08-22,US,1806
2016-08-22,other,1122
2016-08-23,CH,224
2016-08-23,US,1050
2016-08-23,other,1020
2016-08-24,CH,55
2016-08-24,US,685
2016-08-24,other,947
2016-08-25,CH,113
2016-08-25,US,1472
2016-08-25,other,1144
2016-08-26,CH,166
2016-08-26,US,897
2016-08-26,other,1705
2016-08-27,CH,36
2016-08-27,US,380
2016-08-27,other,305
2016-08-28,CH,70
2016-08-28,US,143
2016-08-28,other,122
2016-08-29,CH,94
2016-08-29,US,1335
2016-08-29,other,928
2016-08-30,CH,71
2016-08-30,US,1394
2016-08-30,other,993
2016-08-31,CH,343
2016-08-31,US,1139
2016-08-31,other,955
2016-09-01,CH,53
2016-09-01,US,833
2016-09-01,other,1117
2016-09-02,CH,206
2016-09-02,US,983
2016-09-02,other,1221
2016-09-03,CH,43
2016-09-03,US,392
2016-09-03,other,217
2016-09-04,CH,53
2016-09-04,US,519
2016-09-04,other,410
2016-09-05,CH,94
2016-09-05,US,254
2016-09-05,other,668
2016-09-06,CH,108
2016-09-06,US,1182
2016-09-06,other,1332
2016-09-07,CH,146
2016-09-07,US,1385
2016-09-07,other,968
2016-09-08,CH,55
2016-09-08,US,2879
2016-09-08,other,1907
2016-09-09,CH,59
2016-09-09,US,1472
2016-09-09,other,1146
2016-09-10,CH,59
2016-09-10,US,172
2016-09-10,other,350
2016-09-11,CH,38
2016-09-11,US,292
2016-09-11,other,207
2016-09-12,CH,86
2016-09-12,US,1124
2016-09-12,other,1342
2016-09-13,CH,87
2016-09-13,US,1165
2016-09-13,other,976
2016-09-14,CH,195
2016-09-14,US,1484
2016-09-14,other,984
2016-09-15,CH,141
2016-09-15,US,1549
2016-09-15,other,1497
2016-09-16,CH,167
2016-09-16,US,1264
2016-09-16,other,978
2016-09-17,CH,38
2016-09-17,US,275
2016-09-17,other,185
2016-09-18,CH,35
2016-09-18,US,230
2016-09-18,other,221
2016-09-19,CH,355
2016-09-19,US,1138
2016-09-19,other,1175
2016-09-20,CH,349
2016-09-20,US,1661
2016-09-20,other,945
2016-09-21,CH,254
2016-09-21,US,2759
2016-09-21,other,1635
2016-09-22,CH,104
2016-09-22,US,2321
2016-09-22,other,3639
2016-09-23,CH,146
2016-09-23,US,1131
2016-09-23,other,2626
2016-09-24,CH,37
2016-09-24,US,367
2016-09-24,other,245
2016-09-25,CH,35
2016-09-25,US,104
2016-09-25,other,279
2016-09-26,CH,213
2016-09-26,US,1410
2016-09-26,other,2096
2016-09-27,CH,317
2016-09-27,US,1364
2016-09-27,other,2028
2016-09-28,CH,192
2016-09-28,US,1284
2016-09-28,other,2094
2016-09-29,CH,206
2016-09-29,US,1752
2016-09-29,other,1872
2016-09-30,CH,299
2016-09-30,US,2074
2016-09-30,other,3455
2016-10-01,CH,40
2016-10-01,US,42
2016-10-01,other,477
2016-10-02,CH,59
2016-10-02,US,227
2016-10-02,other,501
2016-10-03,CH,62
2016-10-03,US,887
2016-10-03,other,1405
2016-10-04,CH,116
2016-10-04,US,1264
2016-10-04,other,2212
2016-10-05,CH,115
2016-10-05,US,1372
2016-10-05,other,2638
2016-10-06,CH,46
2016-10-06,US,1474
2016-10-06,other,4051
2016-10-07,CH,48
2016-10-07,US,1299
2016-10-07,other,4044
2016-10-08,CH,41
2016-10-08,US,134
2016-10-08,other,325
2016-10-09,CH,107
2016-10-09,US,202
2016-10-09,other,370
2016-10-10,CH,45
2016-10-10,US,955
2016-10-10,other,1359
2016-10-11,CH,58
2016-10-11,US,1372
2016-10-11,other,1287
2016-10-12,CH,88
2016-10-12,US,1145
2016-10-12,other,1543
2016-10-13,CH,65
2016-10-13,US,1207
2016-10-13,other,4085
2016-10-14,CH,129
2016-10-14,US,1327
2016-10-14,other,4510
2016-10-15,CH,37
2016-10-15,US,572
2016-10-15,other,741
2016-10-16,CH,35
2016-10-16,US,322
2016-10-16,other,407
2016-10-17,CH,43
2016-10-17,US,1237
2016-10-17,other,1811
2016-10-18,CH,59
2016-10-18,US,3398
2016-10-18,other,2113
2016-10-19,CH,276
2016-10-19,US,2453
2016-10-19,other,1247
2016-10-20,CH,321
2016-10-20,US,3634
2016-10-20,other,1594
2016-10-21,CH,73
2016-10-21,US,2341
2016-10-21,other,1157
2016-10-22,CH,35
2016-10-22,US,1019
2016-10-22,other,469
2016-10-23,CH,40
2016-10-23,US,876
2016-10-23,other,583
2016-10-24,CH,673
2016-10-24,US,1742
2016-10-24,other,1433
2016-10-25,CH,202
2016-10-25,US,2118
2016-10-25,other,1181
2016-10-26,CH,679
2016-10-26,US,3519
2016-10-26,other,2235
2016-10-27,CH,104
2016-10-27,US,2254
2016-10-27,other,1361
2016-10-28,CH,91
2016-10-28,US,2645
2016-10-28,other,1976
2016-10-29,CH,70
2016-10-29,US,390
2016-10-29,other,529
2016-10-30,CH,2
2016-10-30,US,169
2016-10-30,other,655
2016-10-31,CH,110
2016-10-31,US,2031
2016-10-31,other,2930
2016-11-01,CH,217
2016-11-01,US,1852
2016-11-01,other,2520
2016-11-02,CH,147
2016-11-02,US,17496
2016-11-02,other,3257
2016-11-03,CH,136
2016-11-03,US,45970
2016-11-03,other,1816
2016-11-04,CH,446
2016-11-04,US,48098
2016-11-04,other,1111
2016-11-05,CH,45
2016-11-05,US,3774
2016-11-05,other,393
2016-11-06,CH,78
2016-11-06,US,5970
2016-11-06,other,490
2016-11-07,CH,360
2016-11-07,US,30584
2016-11-07,other,1528
2016-11-08,CH,1076
2016-11-08,US,10097
2016-11-08,other,1861
2016-11-09,CH,127
2016-11-09,US,4688
2016-11-09,other,2398
2016-11-10,CH,113
2016-11-10,US,7962
2016-11-10,other,2763
2016-11-11,CH,129
2016-11-11,US,22131
2016-11-11,other,2451
2016-11-12,CH,61
2016-11-12,US,9164
2016-11-12,other,672
2016-11-13,CH,131
2016-11-13,US,400
2016-11-13,other,914
2016-11-14,CH,541
2016-11-14,US,10855
2016-11-14,other,2509
2016-11-15,CH,141
2016-11-15,US,33188
2016-11-15,other,2120
2016-11-16,CH,154
2016-11-16,US,64762
2016-11-16,other,2895
2016-11-17,CH,170
2016-11-17,US,56483
2016-11-17,other,2227
2016-11-18,CH,214
2016-11-18,US,10898
2016-11-18,other,2225
2016-11-19,CH,60
2016-11-19,US,10083
2016-11-19,other,509
2016-11-20,CH,77
2016-11-20,US,2553
2016-11-20,other,445
2016-11-21,CH,349
2016-11-21,US,2813
2016-11-21,other,1836
2016-11-22,CH,1869
2016-11-22,US,3673
2016-11-22,other,1685
2016-11-23,CH,188
2016-11-23,US,5663
2016-11-23,other,1131
2016-11-24,CH,170
2016-11-24,US,3364
2016-11-24,other,1732
2016-11-25,CH,263
2016-11-25,US,4887
2016-11-25,other,1768
2016-11-26,CH,51
2016-11-26,US,584
2016-11-26,other,497
2016-11-27,CH,231
2016-11-27,US,63930
2016-11-27,other,322
2016-11-28,CH,130
2016-11-28,US,17799
2016-11-28,other,1417
2016-11-29,CH,166
2016-11-29,US,2689
2016-11-29,other,2036
2016-11-30,CH,363
2016-11-30,US,1987
2016-11-30,other,1553
2016-12-01,CH,163
2016-12-01,US,2145
2016-12-01,other,1782
2016-12-02,CH,160
2016-12-02,US,4433
2016-12-02,other,2013
2016-12-03,CH,97
2016-12-03,US,4469
2016-12-03,other,506
2016-12-04,CH,130
2016-12-04,US,1631
2016-12-04,other,435
2016-12-05,CH,222
2016-12-05,US,6301
2016-12-05,other,1496
2016-12-06,CH,341
2016-12-06,US,5210
2016-12-06,other,1884
2016-12-07,CH,383
2016-12-07,US,3002
2016-12-07,other,1348
2016-12-08,CH,76
2016-12-08,US,311
2016-12-08,other,270
2016-12-09,CH,249
2016-12-09,US,1024
2016-12-09,other,1862
2016-12-10,CH,96
2016-12-10,US,455
2016-12-10,other,478
2016-12-11,CH,38
2016-12-11,US,380
2016-12-11,other,375
2016-12-12,CH,308
2016-12-12,US,2004
2016-12-12,other,1341
2016-12-13,CH,314
2016-12-13,US,2072
2016-12-13,other,1276
2016-12-14,CH,293
2016-12-14,US,2017
2016-12-14,other,1518
2016-12-15,CH,253
2016-12-15,US,2034
2016-12-15,other,1199
2016-12-16,CH,307
2016-12-16,US,1060
2016-12-16,other,2308
2016-12-17,CH,63
2016-12-17,US,667
2016-12-17,other,646
2016-12-18,CH,51
2016-12-18,US,12032
2016-12-18,other,352
2016-12-19,CH,86
2016-12-19,US,9417
2016-12-19,other,2067
2016-12-20,CH,542
2016-12-20,US,5519
2016-12-20,other,2401
2016-12-21,CH,328
2016-12-21,US,11551
2016-12-21,other,1580
2016-12-22,CH,56
2016-12-22,US,7130
2016-12-22,other,1456
2016-12-23,CH,90
2016-12-23,US,11646
2016-12-23,other,805
2016-12-24,CH,39
2016-12-24,US,227
2016-12-24,other,285
2016-12-25,CH,36
2016-12-25,US,245
2016-12-25,other,545
2016-12-26,CH,48
2016-12-26,US,264
2016-12-26,other,378
2016-12-27,CH,79
2016-12-27,US,726
2016-12-27,other,941
2016-12-28,CH,71
2016-12-28,US,886
2016-12-28,other,956
2016-12-29,CH,45
2016-12-29,US,574
2016-12-29,other,535
2016-12-30,CH,38
2016-12-30,US,378
2016-12-30,other,483
2016-12-31,CH,40
2016-12-31,US,304
2016-12-31,other,294
2017-01-01,CH,37
2017-01-01,US,513
2017-01-01,other,281
2017-01-02,CH,92
2017-01-02,US,725
2017-01-02,other,545
2017-01-03,CH,41
2017-01-03,US,2574
2017-01-03,other,1032
2017-01-04,CH,56
2017-01-04,US,3637
2017-01-04,other,1014
2017-01-05,CH,87
2017-01-05,US,3665
2017-01-05,other,1039
2017-01-06,CH,86
2017-01-06,US,4235
2017-01-06,other,1057
2017-01-07,CH,42
2017-01-07,US,1912
2017-01-07,other,502
2017-01-08,CH,41
2017-01-08,US,1609
2017-01-08,other,472
2017-01-09,CH,64
2017-01-09,US,1988
2017-01-09,other,1416
2017-01-10,CH,129
2017-01-10,US,4830
2017-01-10,other,1481
2017-01-11,CH,178
2017-01-11,US,10970
2017-01-11,other,1775
2017-01-12,CH,52
2017-01-12,US,15258
2017-01-12,other,4314
2017-01-13,CH,285
2017-01-13,US,1859
2017-01-13,other,1571
2017-01-14,CH,48
2017-01-14,US,802
2017-01-14,other,3236
2017-01-15,CH,38
2017-01-15,US,407
2017-01-15,other,818
2017-01-16,CH,159
2017-01-16,US,890
2017-01-16,other,1518
2017-01-17,CH,63
2017-01-17,US,1357
2017-01-17,other,1399
2017-01-18,CH,117
2017-01-18,US,2312
2017-01-18,other,1840
2017-01-19,CH,89
2017-01-19,US,2658
2017-01-19,other,2628
2017-01-20,CH,73
2017-01-20,US,1371
2017-01-20,other,1314
2017-01-21,CH,106
2017-01-21,US,564
2017-01-21,other,292
2017-01-22,CH,62
2017-01-22,US,548
2017-01-22,other,1230
2017-01-23,CH,124
2017-01-23,US,1869
2017-01-23,other,2796
2017-01-24,CH,123
2017-01-24,US,2610
2017-01-24,other,3001
2017-01-25,CH,157
2017-01-25,US,3509
2017-01-25,other,2567
2017-01-26,CH,362
2017-01-26,US,2071
2017-01-26,other,4431
2017-01-27,CH,110
2017-01-27,US,2056
2017-01-27,other,2096
2017-01-28,CH,50
2017-01-28,US,575
2017-01-28,other,1184
2017-01-29,CH,61
2017-01-29,US,769
2017-01-29,other,894
2017-01-30,CH,149
2017-01-30,US,2210
2017-01-30,other,1939
2017-01-31,CH,114
2017-01-31,US,1728
2017-01-31,other,2172
2017-02-01,CH,116
2017-02-01,US,1546
2017-02-01,other,2735
2017-02-02,CH,406
2017-02-02,US,1332
2017-02-02,other,3298
2017-02-03,CH,221
2017-02-03,US,2289
2017-02-03,other,2564
2017-02-04,CH,37
2017-02-04,US,454
2017-02-04,other,1318
2017-02-05,CH,68
2017-02-05,US,456
2017-02-05,other,1105
2017-02-06,CH,137
2017-02-06,US,1532
2017-02-06,other,3936
2017-02-07,CH,318
2017-02-07,US,1942
2017-02-07,other,2438
2017-02-08,CH,220
2017-02-08,US,1864
2017-02-08,other,1880
2017-02-09,CH,224
2017-02-09,US,1594
2017-02-09,other,1750
2017-02-10,CH,2244
2017-02-10,US,2627
2017-02-10,other,1786
2017-02-11,CH,42
2017-02-11,US,871
2017-02-11,other,1092
2017-02-12,CH,89
2017-02-12,US,1056
2017-02-12,other,1063
2017-02-13,CH,256
2017-02-13,US,1868
2017-02-13,other,2258
2017-02-14,CH,127
2017-02-14,US,2003
2017-02-14,other,2143
2017-02-15,CH,115
2017-02-15,US,2034
2017-02-15,other,1998
2017-02-16,CH,205
2017-02-16,US,2917
2017-02-16,other,2230
2017-02-17,CH,139
2017-02-17,US,1354
2017-02-17,other,2126
2017-02-18,CH,65
2017-02-18,US,492
2017-02-18,other,501
2017-02-19,CH,83
2017-02-19,US,684
2017-02-19,other,1050
2017-02-20,CH,176
2017-02-20,US,2396
2017-02-20,other,2113
2017-02-21,CH,164
2017-02-21,US,3197
2017-02-21,other,2238
2017-02-22,CH,786
2017-02-22,US,1954
2017-02-22,other,1750
2017-02-23,CH,172
2017-02-23,US,2007
2017-02-23,other,1786
2017-02-24,CH,68
2017-02-24,US,1900
2017-02-24,other,2023
2017-02-25,CH,46
2017-02-25,US,1245
2017-02-25,other,479
2017-02-26,CH,266
2017-02-26,US,935
2017-02-26,other,692
2017-02-27,CH,152
2017-02-27,US,1751
2017-02-27,other,2055
2017-02-28,CH,557
2017-02-28,US,3288
2017-02-28,other,2488
2017-03-01,CH,169
2017-03-01,US,3049
2017-03-01,other,2777
2017-03-02,CH,215
2017-03-02,US,2662
2017-03-02,other,2033
2017-03-03,CH,213
2017-03-03,US,2185
2017-03-03,other,5863
2017-03-04,CH,110
2017-03-04,US,1553
2017-03-04,other,1210
2017-03-05,CH,145
2017-03-05,US,540
2017-03-05,other,1060
2017-03-06,CH,118
2017-03-06,US,1306
2017-03-06,other,2347
2017-03-07,CH,109
2017-03-07,US,1863
2017-03-07,other,2703
2017-03-08,CH,185
2017-03-08,US,2331
2017-03-08,other,2417
2017-03-09,CH,145
2017-03-09,US,2007
2017-03-09,other,2206
2017-03-10,CH,179
2017-03-10,US,1435
2017-03-10,other,2934
2017-03-11,CH,43
2017-03-11,US,509
2017-03-11,other,1187
2017-03-12,CH,87
2017-03-12,US,746
2017-03-12,other,1375
2017-03-13,CH,222
2017-03-13,US,1976
2017-03-13,other,2230
2017-03-14,CH,194
2017-03-14,US,1707
2017-03-14,other,1580
2017-03-15,CH,518
2017-03-15,US,1422
2017-03-15,other,1496
2017-03-16,CH,158
2017-03-16,US,1602
2017-03-16,other,2779
2017-03-17,CH,151
2017-03-17,US,5155
2017-03-17,other,1741
2017-03-18,CH,91
2017-03-18,US,643
2017-03-18,other,584
2017-03-19,CH,82
2017-03-19,US,573
2017-03-19,other,658
2017-03-20,CH,152
2017-03-20,US,1778
2017-03-20,other,1356
2017-03-21,CH,340
2017-03-21,US,2056
2017-03-21,other,1826
2017-03-22,CH,593
2017-03-22,US,3125
2017-03-22,other,2151
2017-03-23,CH,579
2017-03-23,US,3462
2017-03-23,other,1592
2017-03-24,CH,2286
2017-03-24,US,2044
2017-03-24,other,1886
2017-03-25,CH,64
2017-03-25,US,483
2017-03-25,other,346
2017-03-26,CH,88
2017-03-26,US,398
2017-03-26,other,796
2017-03-27,CH,1284
2017-03-27,US,1578
2017-03-27,other,1358
2017-03-28,CH,116
2017-03-28,US,1666
2017-03-28,other,1577
2017-03-29,CH,219
2017-03-29,US,2866
2017-03-29,other,2420
2017-03-30,CH,315
2017-03-30,US,2458
2017-03-30,other,2409
2017-03-31,CH,623
2017-03-31,US,1465
2017-03-31,other,3957
2017-04-01,CH,79
2017-04-01,US,479
2017-04-01,other,864
2017-04-02,CH,97
2017-04-02,US,410
2017-04-02,other,412
2017-04-03,CH,124
2017-04-03,US,1854
2017-04-03,other,2331
2017-04-04,CH,98
2017-04-04,US,1676
2017-04-04,other,1925
2017-04-05,CH,495
2017-04-05,US,1990
2017-04-05,other,6120
2017-04-06,CH,111
2017-04-06,US,1390
2017-04-06,other,2469
2017-04-07,CH,594
2017-04-07,US,1869
2017-04-07,other,5060
2017-04-08,CH,37
2017-04-08,US,978
2017-04-08,other,1214
2017-04-09,CH,44
2017-04-09,US,1819
2017-04-09,other,932
2017-04-10,CH,168
2017-04-10,US,2783
2017-04-10,other,2227
2017-04-11,CH,251
2017-04-11,US,2154
2017-04-11,other,2269
2017-04-12,CH,263
2017-04-12,US,3050
2017-04-12,other,2361
2017-04-13,CH,145
2017-04-13,US,2682
2017-04-13,other,1878
2017-04-14,CH,142
2017-04-14,US,1603
2017-04-14,other,1113
2017-04-15,CH,55
2017-04-15,US,957
2017-04-15,other,538
2017-04-16,CH,90
2017-04-16,US,788
2017-04-16,other,424
2017-04-17,CH,133
2017-04-17,US,2039
2017-04-17,other,1468
2017-04-18,CH,261
2017-04-18,US,2464
2017-04-18,other,2177
2017-04-19,CH,236
2017-04-19,US,2277
2017-04-19,other,1792
2017-04-20,CH,910
2017-04-20,US,2139
2017-04-20,other,1872
2017-04-21,CH,274
2017-04-21,US,2284
2017-04-21,other,1857
2017-04-22,CH,45
2017-04-22,US,410
2017-04-22,other,250
2017-04-23,CH,55
2017-04-23,US,323
2017-04-23,other,473
2017-04-24,CH,104
2017-04-24,US,1284
2017-04-24,other,2269
2017-04-25,CH,179
2017-04-25,US,1601
2017-04-25,other,1605
2017-04-26,CH,245
2017-04-26,US,1446
2017-04-26,other,3194
2017-04-27,CH,427
2017-04-27,US,1646
2017-04-27,other,2756
2017-04-28,CH,113
2017-04-28,US,1244
2017-04-28,other,2903
2017-04-29,CH,35
2017-04-29,US,368
2017-04-29,other,413
2017-04-30,CH,72
2017-04-30,US,420
2017-04-30,other,1359
2017-05-01,CH,61
2017-05-01,US,1721
2017-05-01,other,1091
2017-05-02,CH,83
2017-05-02,US,1745
2017-05-02,other,2146
2017-05-03,CH,118
2017-05-03,US,1912
2017-05-03,other,1342
2017-05-04,CH,181
2017-05-04,US,1452
2017-05-04,other,1498
2017-05-05,CH,132
2017-05-05,US,1368
2017-05-05,other,4029
2017-05-06,CH,2
2017-05-06,US,812
2017-05-06,other,1167
2017-05-07,CH,6
2017-05-07,US,703
2017-05-07,other,1283
2017-05-08,CH,342
2017-05-08,US,1332
2017-05-08,other,2661
2017-05-09,CH,99
2017-05-09,US,2052
2017-05-09,other,2713
2017-05-10,CH,178
2017-05-10,US,1324
2017-05-10,other,1477
2017-05-11,CH,38
2017-05-11,US,966
2017-05-11,other,508
2017-05-12,CH,133
2017-05-12,US,1763
2017-05-12,other,2262
2017-05-13,CH,6
2017-05-13,US,1505
2017-05-13,other,831
2017-05-14,CH,79
2017-05-14,US,5508
2017-05-14,other,762
2017-05-15,CH,45
2017-05-15,US,2612
2017-05-15,other,2945
2017-05-16,CH,191
2017-05-16,US,8770
2017-05-16,other,3618
2017-05-17,CH,85
2017-05-17,US,6511
2017-05-17,other,2746
2017-05-18,CH,167
2017-05-18,US,3693
2017-05-18,other,3220
2017-05-19,CH,161
2017-05-19,US,2249
2017-05-19,other,32273
2017-05-20,CH,45
2017-05-20,US,811
2017-05-20,other,1087
2017-05-21,CH,38
2017-05-21,US,470
2017-05-21,other,923
2017-05-22,CH,177
2017-05-22,US,2578
2017-05-22,other,4574
2017-05-23,CH,287
2017-05-23,US,2504
2017-05-23,other,1281
2017-05-24,CH,317
2017-05-24,US,1689
2017-05-24,other,991
2017-05-25,CH,233
2017-05-25,US,2627
2017-05-25,other,1541
2017-05-26,CH,958
2017-05-26,US,2742
2017-05-26,other,7475
2017-05-27,CH,189
2017-05-27,US,1077
2017-05-27,other,1879
2017-05-28,CH,122
2017-05-28,US,743
2017-05-28,other,1108
2017-05-29,CH,385
2017-05-29,US,938
2017-05-29,other,4068
2017-05-30,CH,161
2017-05-30,US,2501
2017-05-30,other,2403
2017-05-31,CH,143
2017-05-31,US,2427
2017-05-31,other,2856
2017-06-01,CH,199
2017-06-01,US,2437
2017-06-01,other,2055
2017-06-02,CH,249
2017-06-02,US,2883
2017-06-02,other,1561
2017-06-03,CH,45
2017-06-03,US,489
2017-06-03,other,559
2017-06-04,CH,46
2017-06-04,US,543
2017-06-04,other,546
2017-06-05,CH,105
2017-06-05,US,1761
2017-06-05,other,1168
2017-06-06,CH,315
2017-06-06,US,1480
2017-06-06,other,1751
2017-06-07,CH,110
2017-06-07,US,1918
2017-06-07,other,2325
2017-06-08,CH,159
2017-06-08,US,2742
2017-06-08,other,2412
2017-06-09,CH,183
2017-06-09,US,2871
2017-06-09,other,3466
2017-06-10,CH,61
2017-06-10,US,670
2017-06-10,other,1232
2017-06-11,CH,72
2017-06-11,US,596
2017-06-11,other,1399
2017-06-12,CH,178
2017-06-12,US,2000
2017-06-12,other,1943
2017-06-13,CH,250
2017-06-13,US,2692
2017-06-13,other,2368
2017-06-14,CH,215
2017-06-14,US,3240
2017-06-14,other,1542
2017-06-15,CH,315
2017-06-15,US,2328
2017-06-15,other,2003
2017-06-16,CH,157
2017-06-16,US,2087
2017-06-16,other,1062
2017-06-17,CH,59
2017-06-17,US,1237
2017-06-17,other,499
2017-06-18,CH,63
2017-06-18,US,333
2017-06-18,other,595
2017-06-19,CH,360
2017-06-19,US,2295
2017-06-19,other,1667
2017-06-20,CH,268
2017-06-20,US,1681
2017-06-20,other,1752
2017-06-21,CH,336
2017-06-21,US,2129
2017-06-21,other,1015
2017-06-22,CH,183
2017-06-22,US,4931
2017-06-22,other,2056
2017-06-23,CH,220
2017-06-23,US,2910
2017-06-23,other,1471
2017-06-24,CH,811
2017-06-24,US,1875
2017-06-24,other,467
2017-06-25,CH,149
2017-06-25,US,657
2017-06-25,other,753
2017-06-26,CH,1614
2017-06-26,US,3766
2017-06-26,other,2691
2017-06-27,CH,175
2017-06-27,US,2428
2017-06-27,other,1580
2017-06-28,CH,901
2017-06-28,US,1894
2017-06-28,other,1286
2017-06-29,CH,1347
2017-06-29,US,2006
2017-06-29,other,1385
2017-06-30,CH,567
2017-06-30,US,1782
2017-06-30,other,2439
2017-07-01,CH,216
2017-07-01,US,1087
2017-07-01,other,519
2017-07-02,CH,171
2017-07-02,US,750
2017-07-02,other,902
2017-07-03,CH,329
2017-07-03,US,2395
2017-07-03,other,1742
2017-07-04,CH,271
2017-07-04,US,892
2017-07-04,other,2158
2017-07-05,CH,525
2017-07-05,US,1560
2017-07-05,other,1891
2017-07-06,CH,464
2017-07-06,US,3702
2017-07-06,other,2236
2017-07-07,CH,957
2017-07-07,US,1604
2017-07-07,other,4194
2017-07-08,CH,317
2017-07-08,US,458
2017-07-08,other,1065
2017-07-09,CH,212
2017-07-09,US,249
2017-07-09,other,941
2017-07-10,CH,781
2017-07-10,US,2232
2017-07-10,other,1426
2017-07-11,CH,767
2017-07-11,US,4839
2017-07-11,other,1660
2017-07-12,CH,701
2017-07-12,US,3121
2017-07-12,other,1735
2017-07-13,CH,680
2017-07-13,US,3181
2017-07-13,other,2421
2017-07-14,CH,748
2017-07-14,US,1854
2017-07-14,other,2084
2017-07-15,CH,205
2017-07-15,US,742
2017-07-15,other,559
2017-07-16,CH,248
2017-07-16,US,516
2017-07-16,other,393
2017-07-17,CH,326
2017-07-17,US,2092
2017-07-17,other,1253
2017-07-18,CH,529
2017-07-18,US,2827
2017-07-18,other,1594
2017-07-19,CH,261
2017-07-19,US,2876
2017-07-19,other,1469
2017-07-20,CH,733
2017-07-20,US,3609
2017-07-20,other,1643
2017-07-21,CH,242
2017-07-21,US,1973
2017-07-21,other,1417
2017-07-22,CH,302
2017-07-22,US,1082
2017-07-22,other,472
2017-07-23,CH,217
2017-07-23,US,848
2017-07-23,other,492
2017-07-24,CH,1377
2017-07-24,US,2423
2017-07-24,other,1424
2017-07-25,CH,419
2017-07-25,US,3471
2017-07-25,other,2096
2017-07-26,CH,288
2017-07-26,US,2679
2017-07-26,other,1573
2017-07-27,CH,240
2017-07-27,US,3425
2017-07-27,other,1222
2017-07-28,CH,941
2017-07-28,US,2644
2017-07-28,other,1828
2017-07-29,CH,357
2017-07-29,US,1550
2017-07-29,other,471
2017-07-30,CH,182
2017-07-30,US,523
2017-07-30,other,374
2017-07-31,CH,961
2017-07-31,US,1516
2017-07-31,other,2571
2017-08-01,CH,885
2017-08-01,US,3321
2017-08-01,other,1949
2017-08-02,CH,338
2017-08-02,US,2639
2017-08-02,other,2279
2017-08-03,CH,582
2017-08-03,US,3153
2017-08-03,other,3785
2017-08-04,CH,680
2017-08-04,US,4794
2017-08-04,other,1641
2017-08-05,CH,110
2017-08-05,US,667
2017-08-05,other,1079
2017-08-06,CH,152
2017-08-06,US,1012
2017-08-06,other,844
2017-08-07,CH,301
2017-08-07,US,2425
2017-08-07,other,1892
2017-08-08,CH,228
2017-08-08,US,4833
2017-08-08,other,2044
2017-08-09,CH,153
2017-08-09,US,3860
2017-08-09,other,1837
2017-08-10,CH,239
2017-08-10,US,3406
2017-08-10,other,1908
2017-08-11,CH,649
2017-08-11,US,3274
2017-08-11,other,1360
2017-08-12,CH,116
2017-08-12,US,1165
2017-08-12,other,303
2017-08-13,CH,114
2017-08-13,US,801
2017-08-13,other,236
2017-08-14,CH,356
2017-08-14,US,1772
2017-08-14,other,1235
2017-08-15,CH,337
2017-08-15,US,3568
2017-08-15,other,1669
2017-08-16,CH,561
2017-08-16,US,6484
2017-08-16,other,1525
2017-08-17,CH,486
2017-08-17,US,10309
2017-08-17,other,2401
2017-08-18,CH,269
2017-08-18,US,2440
2017-08-18,other,1663
2017-08-19,CH,112
2017-08-19,US,1357
2017-08-19,other,224
2017-08-20,CH,293
2017-08-20,US,1639
2017-08-20,other,481
2017-08-21,CH,335
2017-08-21,US,3216
2017-08-21,other,1737
2017-08-22,CH,368
2017-08-22,US,6020
2017-08-22,other,1129
2017-08-23,CH,381
2017-08-23,US,3308
2017-08-23,other,978
2017-08-24,CH,567
2017-08-24,US,2669
2017-08-24,other,1547
2017-08-25,CH,597
2017-08-25,US,5552
2017-08-25,other,1607
2017-08-26,CH,93
2017-08-26,US,2519
2017-08-26,other,350
2017-08-27,CH,114
2017-08-27,US,2018
2017-08-27,other,320
2017-08-28,CH,897
2017-08-28,US,3675
2017-08-28,other,1990
2017-08-29,CH,443
2017-08-29,US,3363
2017-08-29,other,934
2017-08-30,CH,217
2017-08-30,US,3917
2017-08-30,other,1612
2017-08-31,CH,340
2017-08-31,US,2266
2017-08-31,other,1709
2017-09-01,CH,283
2017-09-01,US,2706
2017-09-01,other,1398
2017-09-02,CH,117
2017-09-02,US,1010
2017-09-02,other,262
2017-09-03,CH,154
2017-09-03,US,725
2017-09-03,other,307
2017-09-04,CH,160
2017-09-04,US,977
2017-09-04,other,1450
2017-09-05,CH,98
2017-09-05,US,3790
2017-09-05,other,1243
2017-09-06,CH,173
2017-09-06,US,6145
2017-09-06,other,1921
2017-09-07,CH,140
2017-09-07,US,3668
2017-09-07,other,3166
2017-09-08,CH,88
2017-09-08,US,1662
2017-09-08,other,1810
2017-09-09,CH,63
2017-09-09,US,1804
2017-09-09,other,3981
2017-09-10,CH,139
2017-09-10,US,2386
2017-09-10,other,973
2017-09-11,CH,138
2017-09-11,US,1832
2017-09-11,other,1345
2017-09-12,CH,345
2017-09-12,US,2993
2017-09-12,other,1736
2017-09-13,CH,192
2017-09-13,US,4080
2017-09-13,other,1440
2017-09-14,CH,347
2017-09-14,US,3173
2017-09-14,other,1224
2017-09-15,CH,94
2017-09-15,US,2305
2017-09-15,other,2307
2017-09-16,CH,108
2017-09-16,US,1998
2017-09-16,other,370
2017-09-17,CH,131
2017-09-17,US,941
2017-09-17,other,513
2017-09-18,CH,233
2017-09-18,US,3160
2017-09-18,other,2120
2017-09-19,CH,689
2017-09-19,US,4506
2017-09-19,other,1723
2017-09-20,CH,330
2017-09-20,US,3457
2017-09-20,other,2829
2017-09-21,CH,272
2017-09-21,US,2585
2017-09-21,other,4992
2017-09-22,CH,281
2017-09-22,US,2330
2017-09-22,other,2675
2017-09-23,CH,130
2017-09-23,US,1236
2017-09-23,other,1310
2017-09-24,CH,179
2017-09-24,US,775
2017-09-24,other,954
2017-09-25,CH,472
2017-09-25,US,2964
2017-09-25,other,1726
2017-09-26,CH,331
2017-09-26,US,2622
2017-09-26,other,1515
2017-09-27,CH,543
2017-09-27,US,1882
2017-09-27,other,1405
2017-09-28,CH,269
2017-09-28,US,2590
2017-09-28,other,1247
2017-09-29,CH,256
2017-09-29,US,2832
2017-09-29,other,1846
2017-09-30,CH,133
2017-09-30,US,1730
2017-09-30,other,1151
2017-10-01,CH,154
2017-10-01,US,2414
2017-10-01,other,888
2017-10-02,CH,238
2017-10-02,US,5333
2017-10-02,other,16129
2017-10-03,CH,531
2017-10-03,US,3232
2017-10-03,other,1264
2017-10-04,CH,855
2017-10-04,US,5733
2017-10-04,other,3161
2017-10-05,CH,398
2017-10-05,US,2709
2017-10-05,other,4288
2017-10-06,CH,564
2017-10-06,US,3614
2017-10-06,other,1601
2017-10-07,CH,137
2017-10-07,US,1984
2017-10-07,other,1143
2017-10-08,CH,189
2017-10-08,US,602
2017-10-08,other,880
2017-10-09,CH,255
2017-10-09,US,3507
2017-10-09,other,1576
2017-10-10,CH,652
2017-10-10,US,2762
2017-10-10,other,2005
2017-10-11,CH,714
2017-10-11,US,6331
2017-10-11,other,1572
2017-10-12,CH,188
2017-10-12,US,6151
2017-10-12,other,814
2017-10-13,CH,183
2017-10-13,US,8110
2017-10-13,other,1034
2017-10-14,CH,101
2017-10-14,US,1439
2017-10-14,other,467
2017-10-15,CH,147
2017-10-15,US,1056
2017-10-15,other,579
2017-10-16,CH,205
2017-10-16,US,1865
2017-10-16,other,1186
2017-10-17,CH,144
2017-10-17,US,2106
2017-10-17,other,795
2017-10-18,CH,306
2017-10-18,US,2539
2017-10-18,other,958
2017-10-19,CH,343
2017-10-19,US,2931
2017-10-19,other,1771
2017-10-20,CH,201
2017-10-20,US,1444
2017-10-20,other,1517
2017-10-21,CH,100
2017-10-21,US,1066
2017-10-21,other,373
2017-10-22,CH,86
2017-10-22,US,1356
2017-10-22,other,255
2017-10-23,CH,167
2017-10-23,US,2399
2017-10-23,other,1365
2017-10-24,CH,174
2017-10-24,US,3133
2017-10-24,other,1263
2017-10-25,CH,308
2017-10-25,US,2686
2017-10-25,other,1461
2017-10-26,CH,222
2017-10-26,US,3724
2017-10-26,other,945
2017-10-27,CH,276
2017-10-27,US,2080
2017-10-27,other,1156
2017-10-28,CH,222
2017-10-28,US,1306
2017-10-28,other,677
2017-10-29,CH,169
2017-10-29,US,627
2017-10-29,other,400
2017-10-30,CH,959
2017-10-30,US,2119
2017-10-30,other,1339
2017-10-31,CH,892
2017-10-31,US,1850
2017-10-31,other,1455
2017-11-01,CH,367
2017-11-01,US,2043
2017-11-01,other,1203
2017-11-02,CH,621
2017-11-02,US,1925
2017-11-02,other,1131
2017-11-03,CH,635
2017-11-03,US,2180
2017-11-03,other,794
2017-11-04,CH,263
2017-11-04,US,920
2017-11-04,other,531
2017-11-05,CH,163
2017-11-05,US,680
2017-11-05,other,628
2017-11-06,CH,392
2017-11-06,US,2985
2017-11-06,other,1246
2017-11-07,CH,487
2017-11-07,US,3612
2017-11-07,other,2108
2017-11-08,CH,186
2017-11-08,US,7626
2017-11-08,other,1946
2017-11-09,CH,400
2017-11-09,US,8162
2017-11-09,other,1144
2017-11-10,CH,300
2017-11-10,US,11839
2017-11-10,other,1419
2017-11-11,CH,131
2017-11-11,US,8868
2017-11-11,other,835
2017-11-12,CH,126
2017-11-12,US,6237
2017-11-12,other,598
2017-11-13,CH,183
2017-11-13,US,5232
2017-11-13,other,1222
2017-11-14,CH,209
2017-11-14,US,2213
2017-11-14,other,894
2017-11-15,CH,264
2017-11-15,US,903
2017-11-15,other,917
2017-11-16,CH,188
2017-11-16,US,1758
2017-11-16,other,1007
2017-11-17,CH,204
2017-11-17,US,1095
2017-11-17,other,703
2017-11-18,CH,191
2017-11-18,US,1850
2017-11-18,other,622
2017-11-19,CH,163
2017-11-19,US,641
2017-11-19,other,388
2017-11-20,CH,296
2017-11-20,US,1365
2017-11-20,other,773
2017-11-21,CH,186
2017-11-21,US,1362
2017-11-21,other,671
2017-11-22,CH,414
2017-11-22,US,1356
2017-11-22,other,864
2017-11-23,CH,1124
2017-11-23,US,648
2017-11-23,other,1036
2017-11-24,CH,377
2017-11-24,US,880
2017-11-24,other,1221
2017-11-25,CH,166
2017-11-25,US,591
2017-11-25,other,468
2017-11-26,CH,216
2017-11-26,US,366
2017-11-26,other,478
2017-11-27,CH,400
2017-11-27,US,1094
2017-11-27,other,775
2017-11-28,CH,300
2017-11-28,US,1981
2017-11-28,other,651
2017-11-29,CH,366
2017-11-29,US,1375
2017-11-29,other,876
2017-11-30,CH,319
2017-11-30,US,2020
2017-11-30,other,314
2017-12-01,CH,151
2017-12-01,US,2607
2017-12-01,other,554
2017-12-02,CH,149
2017-12-02,US,843
2017-12-02,other,570
2017-12-03,CH,139
2017-12-03,US,451
2017-12-03,other,398
2017-12-04,CH,260
2017-12-04,US,2550
2017-12-04,other,701
2017-12-05,CH,235
2017-12-05,US,1034
2017-12-05,other,655
2017-12-06,CH,336
2017-12-06,US,2197
2017-12-06,other,649
2017-12-07,CH,344
2017-12-07,US,3192
2017-12-07,other,4335
2017-12-08,CH,197
2017-12-08,US,1631
2017-12-08,other,1236
2017-12-09,CH,184
2017-12-09,US,1178
2017-12-09,other,1332
2017-12-10,CH,134
2017-12-10,US,1217
2017-12-10,other,1283
2017-12-11,CH,200
2017-12-11,US,1635
2017-12-11,other,1395
2017-12-12,CH,193
2017-12-12,US,1358
2017-12-12,other,1410
2017-12-13,CH,338
2017-12-13,US,2872
2017-12-13,other,2413
2017-12-14,CH,184
2017-12-14,US,1949
2017-12-14,other,2935
2017-12-15,CH,337
2017-12-15,US,1498
2017-12-15,other,2974
2017-12-16,CH,162
2017-12-16,US,693
2017-12-16,other,4511
2017-12-17,CH,126
2017-12-17,US,1130
2017-12-17,other,4621
2017-12-18,CH,168
2017-12-18,US,2166
2017-12-18,other,3704
2017-12-19,CH,116
2017-12-19,US,1694
2017-12-19,other,2081
2017-12-20,CH,145
2017-12-20,US,1604
2017-12-20,other,1251
2017-12-21,CH,169
2017-12-21,US,1732
2017-12-21,other,664
2017-12-22,CH,190
2017-12-22,US,1631
2017-12-22,other,927
2017-12-23,CH,125
2017-12-23,US,1248
2017-12-23,other,311
2017-12-24,CH,119
2017-12-24,US,427
2017-12-24,other,502
2017-12-25,CH,117
2017-12-25,US,1124
2017-12-25,other,756
2017-12-26,CH,118
2017-12-26,US,983
2017-12-26,other,859
2017-12-27,CH,117
2017-12-27,US,2536
2017-12-27,other,1437
2017-12-28,CH,90
2017-12-28,US,1600
2017-12-28,other,650
2017-12-29,CH,87
2017-12-29,US,1472
2017-12-29,other,675
2017-12-30,CH,86
2017-12-30,US,378
2017-12-30,other,404
2017-12-31,CH,126
2017-12-31,US,1117
2017-12-31,other,863
2018-01-01,CH,103
2018-01-01,US,658
2018-01-01,other,430
2018-01-02,CH,89
2018-01-02,US,2586
2018-01-02,other,953
2018-01-03,CH,89
2018-01-03,US,2768
2018-01-03,other,1992
2018-01-04,CH,88
2018-01-04,US,2315
2018-01-04,other,1432
2018-01-05,CH,93
2018-01-05,US,3523
2018-01-05,other,1453
2018-01-06,CH,132
2018-01-06,US,1077
2018-01-06,other,2791
2018-01-07,CH,120
2018-01-07,US,564
2018-01-07,other,3022
2018-01-08,CH,146
2018-01-08,US,1948
2018-01-08,other,2664
2018-01-09,CH,142
2018-01-09,US,2405
2018-01-09,other,3490
2018-01-10,CH,255
2018-01-10,US,1406
2018-01-10,other,2743
2018-01-11,CH,108
2018-01-11,US,2060
2018-01-11,other,2273
2018-01-12,CH,205
2018-01-12,US,1191
2018-01-12,other,1026
2018-01-13,CH,93
2018-01-13,US,1296
2018-01-13,other,676
2018-01-14,CH,109
2018-01-14,US,710
2018-01-14,other,3362
2018-01-15,CH,482
2018-01-15,US,1373
2018-01-15,other,1418
2018-01-16,CH,350
2018-01-16,US,1395
2018-01-16,other,756
2018-01-17,CH,137
2018-01-17,US,1970
2018-01-17,other,954
2018-01-18,CH,179
2018-01-18,US,2081
2018-01-18,other,2356
2018-01-19,CH,307
2018-01-19,US,2856
2018-01-19,other,2545
2018-01-20,CH,146
2018-01-20,US,2602
2018-01-20,other,1248
2018-01-21,CH,188
2018-01-21,US,4023
2018-01-21,other,4842
2018-01-22,CH,124
2018-01-22,US,3620
2018-01-22,other,3089
2018-01-23,CH,133
2018-01-23,US,4080
2018-01-23,other,1406
2018-01-24,CH,105
2018-01-24,US,2178
2018-01-24,other,3381
2018-01-25,CH,172
2018-01-25,US,2337
2018-01-25,other,3677
2018-01-26,CH,92
2018-01-26,US,2662
2018-01-26,other,2739
2018-01-27,CH,144
2018-01-27,US,5393
2018-01-27,other,998
2018-01-28,CH,120
2018-01-28,US,2425
2018-01-28,other,946
2018-01-29,CH,191
2018-01-29,US,3431
2018-01-29,other,1579
2018-01-30,CH,932
2018-01-30,US,11482
2018-01-30,other,1040
2018-01-31,CH,456
2018-01-31,US,5536
2018-01-31,other,1241
2018-02-01,CH,1349
2018-02-01,US,3061
2018-02-01,other,1851
2018-02-02,CH,150
2018-02-02,US,2915
2018-02-02,other,1312
2018-02-03,CH,64
2018-02-03,US,1721
2018-02-03,other,1074
2018-02-04,CH,85
2018-02-04,US,1714
2018-02-04,other,2574
2018-02-05,CH,199
2018-02-05,US,1913
2018-02-05,other,1914
2018-02-06,CH,147
2018-02-06,US,2050
2018-02-06,other,1639
2018-02-07,CH,173
2018-02-07,US,2616
2018-02-07,other,3090
2018-02-08,CH,114
2018-02-08,US,1603
2018-02-08,other,1006
2018-02-09,CH,108
2018-02-09,US,4396
2018-02-09,other,3024
2018-02-10,CH,143
2018-02-10,US,3616
2018-02-10,other,2908
2018-02-11,CH,88
2018-02-11,US,6722
2018-02-11,other,1544
2018-02-12,CH,214
2018-02-12,US,2885
2018-02-12,other,1100
2018-02-13,CH,237
2018-02-13,US,2593
2018-02-13,other,1073
2018-02-14,CH,585
2018-02-14,US,2144
2018-02-14,other,1313
2018-02-15,CH,183
2018-02-15,US,2101
2018-02-15,other,1054
2018-02-16,CH,313
2018-02-16,US,2199
2018-02-16,other,772
2018-02-17,CH,79
2018-02-17,US,5914
2018-02-17,other,1334
2018-02-18,CH,1347
2018-02-18,US,2480
2018-02-18,other,3292
2018-02-19,CH,231
2018-02-19,US,2443
2018-02-19,other,3887
2018-02-20,CH,225
2018-02-20,US,1965
2018-02-20,other,2536
2018-02-21,CH,441
2018-02-21,US,3400
2018-02-21,other,2706
2018-02-22,CH,461
2018-02-22,US,1756
2018-02-22,other,1671
2018-02-23,CH,1019
2018-02-23,US,3780
2018-02-23,other,1301
2018-02-24,CH,993
2018-02-24,US,2358
2018-02-24,other,3522
2018-02-25,CH,349
2018-02-25,US,1537
2018-02-25,other,10767
2018-02-26,CH,280
2018-02-26,US,1433
2018-02-26,other,5552
2018-02-27,CH,1509
2018-02-27,US,1310
2018-02-27,other,1463
2018-02-28,CH,811
2018-02-28,US,1421
2018-02-28,other,3342
2018-03-01,CH,526
2018-03-01,US,757
2018-03-01,other,2759
2018-03-02,CH,2502
2018-03-02,US,965
2018-03-02,other,722
2018-03-03,CH,222
2018-03-03,US,1767
2018-03-03,other,1292
2018-03-04,CH,104
2018-03-04,US,1751
2018-03-04,other,1189
2018-03-05,CH,267
2018-03-05,US,1664
2018-03-05,other,453
2018-03-06,CH,222
2018-03-06,US,2042
2018-03-06,other,1018
2018-03-07,CH,211
2018-03-07,US,1049
2018-03-07,other,801
2018-03-08,CH,82
2018-03-08,US,1017
2018-03-08,other,3473
2018-03-09,CH,245
2018-03-09,US,1695
2018-03-09,other,1425
2018-03-10,CH,75
2018-03-10,US,1975
2018-03-10,other,1521
2018-03-11,CH,116
2018-03-11,US,2560
2018-03-11,other,1261
2018-03-12,CH,162
2018-03-12,US,2317
2018-03-12,other,984
2018-03-13,CH,114
2018-03-13,US,1644
2018-03-13,other,748
2018-03-14,CH,302
2018-03-14,US,1180
2018-03-14,other,794
2018-03-15,CH,221
2018-03-15,US,1996
2018-03-15,other,954
2018-03-16,CH,346
2018-03-16,US,1704
2018-03-16,other,474
2018-03-17,CH,675
2018-03-17,US,2315
2018-03-17,other,1419
2018-03-18,CH,177
2018-03-18,US,1746
2018-03-18,other,753
2018-03-19,CH,176
2018-03-19,US,1855
2018-03-19,other,557
2018-03-20,CH,115
2018-03-20,US,1531
2018-03-20,other,1540
2018-03-21,CH,366
2018-03-21,US,979
2018-03-21,other,532
2018-03-22,CH,66
2018-03-22,US,1555
2018-03-22,other,662
2018-03-23,CH,142
2018-03-23,US,1178
2018-03-23,other,755
2018-03-24,CH,112
2018-03-24,US,2277
2018-03-24,other,1086
2018-03-25,CH,99
2018-03-25,US,1620
2018-03-25,other,1155
2018-03-26,CH,121
2018-03-26,US,936
2018-03-26,other,648
2018-03-27,CH,83
2018-03-27,US,1012
2018-03-27,other,313
2018-03-28,CH,294
2018-03-28,US,949
2018-03-28,other,370
2018-03-29,CH,118
2018-03-29,US,1324
2018-03-29,other,5982
2018-03-30,CH,72
2018-03-30,US,1287
2018-03-30,other,745
2018-03-31,CH,146
2018-03-31,US,1623
2018-03-31,other,1030
2018-04-01,CH,98
2018-04-01,US,1844
2018-04-01,other,525
2018-04-02,CH,94
2018-04-02,US,1492
2018-04-02,other,822
2018-04-03,CH,121
2018-04-03,US,1890
2018-04-03,other,389
2018-04-04,CH,79
2018-04-04,US,1361
2018-04-04,other,351
2018-04-05,CH,137
2018-04-05,US,2452
2018-04-05,other,3203
2018-04-06,CH,2024
2018-04-06,US,2209
2018-04-06,other,1184
2018-04-07,CH,336
2018-04-07,US,2109
2018-04-07,other,1400
2018-04-08,CH,121
2018-04-08,US,1780
2018-04-08,other,10350
2018-04-09,CH,277
2018-04-09,US,4079
2018-04-09,other,6689
2018-04-10,CH,463
2018-04-10,US,1734
2018-04-10,other,2804
2018-04-11,CH,280
2018-04-11,US,2377
2018-04-11,other,4275
2018-04-12,CH,253
2018-04-12,US,1964
2018-04-12,other,832
2018-04-13,CH,230
2018-04-13,US,6598
2018-04-13,other,1505
2018-04-14,CH,84
2018-04-14,US,2451
2018-04-14,other,631
2018-04-15,CH,93
2018-04-15,US,1850
2018-04-15,other,629
2018-04-16,CH,244
2018-04-16,US,1040
2018-04-16,other,753
2018-04-17,CH,140
2018-04-17,US,613
2018-04-17,other,555
2018-04-18,CH,122
2018-04-18,US,1081
2018-04-18,other,1551
2018-04-19,CH,109
2018-04-19,US,2232
2018-04-19,other,984
2018-04-20,CH,110
2018-04-20,US,1316
2018-04-20,other,555
2018-04-21,CH,81
2018-04-21,US,2108
2018-04-21,other,578
2018-04-22,CH,334
2018-04-22,US,2577
2018-04-22,other,816
2018-04-23,CH,101
2018-04-23,US,2469
2018-04-23,other,962
2018-04-24,CH,116
2018-04-24,US,3086
2018-04-24,other,1039
2018-04-25,CH,155
2018-04-25,US,1453
2018-04-25,other,746
2018-04-26,CH,380
2018-04-26,US,777
2018-04-26,other,2046
2018-04-27,CH,131
2018-04-27,US,987
2018-04-27,other,1201
2018-04-28,CH,105
2018-04-28,US,651
2018-04-28,other,1684
2018-04-29,CH,125
2018-04-29,US,732
2018-04-29,other,12555
2018-04-30,CH,171
2018-04-30,US,1496
2018-04-30,other,5908
2018-05-01,CH,72
2018-05-01,US,727
2018-05-01,other,4816
2018-05-02,CH,175
2018-05-02,US,941
2018-05-02,other,6955
2018-05-03,CH,129
2018-05-03,US,739
2018-05-03,other,16173
2018-05-04,CH,343
2018-05-04,US,995
2018-05-04,other,588
2018-05-05,CH,162
2018-05-05,US,881
2018-05-05,other,1183
2018-05-06,CH,101
2018-05-06,US,601
2018-05-06,other,1045
2018-05-07,CH,216
2018-05-07,US,1016
2018-05-07,other,815
2018-05-08,CH,140
2018-05-08,US,3371
2018-05-08,other,529
2018-05-09,CH,802
2018-05-09,US,1246
2018-05-09,other,1245
2018-05-10,CH,919
2018-05-10,US,1081
2018-05-10,other,1093
2018-05-11,CH,188
2018-05-11,US,1303
2018-05-11,other,854
2018-05-12,CH,149
2018-05-12,US,1137
2018-05-12,other,709
2018-05-13,CH,810
2018-05-13,US,553
2018-05-13,other,280
2018-05-14,CH,686
2018-05-14,US,1780
2018-05-14,other,635
2018-05-15,CH,309
2018-05-15,US,3636
2018-05-15,other,1743
2018-05-16,CH,385
2018-05-16,US,1405
2018-05-16,other,2540
2018-05-17,CH,211
2018-05-17,US,1129
2018-05-17,other,3946
2018-05-18,CH,138
2018-05-18,US,977
2018-05-18,other,2485
2018-05-19,CH,182
2018-05-19,US,572
2018-05-19,other,3227
2018-05-20,CH,120
2018-05-20,US,721
2018-05-20,other,4125
2018-05-21,CH,182
2018-05-21,US,1054
2018-05-21,other,619
2018-05-22,CH,67
2018-05-22,US,997
2018-05-22,other,1223
2018-05-23,CH,283
2018-05-23,US,328
2018-05-23,other,482
2018-05-24,CH,250
2018-05-24,US,1363
2018-05-24,other,1639
2018-05-25,CH,154
2018-05-25,US,1282
2018-05-25,other,2043
2018-05-26,CH,104
2018-05-26,US,678
2018-05-26,other,4143
2018-05-27,CH,137
2018-05-27,US,1936
2018-05-27,other,5290
2018-05-28,CH,115
2018-05-28,US,924
2018-05-28,other,1688
2018-05-29,CH,377
2018-05-29,US,1078
2018-05-29,other,567
2018-05-30,CH,845
2018-05-30,US,1084
2018-05-30,other,371
2018-05-31,CH,136
2018-05-31,US,1410
2018-05-31,other,373
2018-06-01,CH,227
2018-06-01,US,926
2018-06-01,other,577
2018-06-02,CH,168
2018-06-02,US,854
2018-06-02,other,492
2018-06-03,CH,78
2018-06-03,US,322
2018-06-03,other,328
2018-06-04,CH,130
2018-06-04,US,534
2018-06-04,other,782
2018-06-05,CH,195
2018-06-05,US,1344
2018-06-05,other,586
2018-06-06,CH,398
2018-06-06,US,1411
2018-06-06,other,638
2018-06-07,CH,547
2018-06-07,US,1046
2018-06-07,other,1054
2018-06-08,CH,577
2018-06-08,US,2271
2018-06-08,other,3284
2018-06-09,CH,190
2018-06-09,US,1092
2018-06-09,other,4386
2018-06-10,CH,122
2018-06-10,US,1660
2018-06-10,other,4610
2018-06-11,CH,1204
2018-06-11,US,1341
2018-06-11,other,1917
2018-06-12,CH,245
2018-06-12,US,1151
2018-06-12,other,933
2018-06-13,CH,114
2018-06-13,US,1376
2018-06-13,other,882
2018-06-14,CH,326
2018-06-14,US,850
2018-06-14,other,1011
2018-06-15,CH,121
2018-06-15,US,2223
2018-06-15,other,873
2018-06-16,CH,124
2018-06-16,US,887
2018-06-16,other,761
2018-06-17,CH,135
2018-06-17,US,1429
2018-06-17,other,754
2018-06-18,CH,122
2018-06-18,US,629
2018-06-18,other,645
2018-06-19,CH,141
2018-06-19,US,963
2018-06-19,other,504
2018-06-20,CH,73
2018-06-20,US,1192
2018-06-20,other,434
2018-06-21,CH,70
2018-06-21,US,781
2018-06-21,other,424
2018-06-22,CH,112
2018-06-22,US,814
2018-06-22,other,344
2018-06-23,CH,136
2018-06-23,US,573
2018-06-23,other,474
2018-06-24,CH,199
2018-06-24,US,563
2018-06-24,other,494
2018-06-25,CH,108
2018-06-25,US,895
2018-06-25,other,687
2018-06-26,CH,90
2018-06-26,US,833
2018-06-26,other,484
2018-06-27,CH,59
2018-06-27,US,588
2018-06-27,other,360
2018-06-28,CH,150
2018-06-28,US,838
2018-06-28,other,582
2018-06-29,CH,537
2018-06-29,US,1463
2018-06-29,other,1841
2018-06-30,CH,170
2018-06-30,US,695
2018-06-30,other,1230
2018-07-01,CH,170
2018-07-01,US,388
2018-07-01,other,751
2018-07-02,CH,440
2018-07-02,US,1233
2018-07-02,other,953
2018-07-03,CH,434
2018-07-03,US,1331
2018-07-03,other,723
2018-07-04,CH,179
2018-07-04,US,678
2018-07-04,other,1146
2018-07-05,CH,158
2018-07-05,US,845
2018-07-05,other,819
2018-07-06,CH,178
2018-07-06,US,1386
2018-07-06,other,562
2018-07-07,CH,238
2018-07-07,US,683
2018-07-07,other,773
2018-07-08,CH,348
2018-07-08,US,639
2018-07-08,other,1157
2018-07-09,CH,200
2018-07-09,US,708
2018-07-09,other,1125
2018-07-10,CH,76
2018-07-10,US,615
2018-07-10,other,927
2018-07-11,CH,7
2018-07-11,US,340
2018-07-11,other,347
2018-07-12,CH,21
2018-07-12,US,244
2018-07-12,other,773
2018-07-13,CH,25
2018-07-13,US,344
2018-07-13,other,384
2018-07-14,CH,62
2018-07-14,US,309
2018-07-14,other,2337
2018-07-15,CH,93
2018-07-15,US,947
2018-07-15,other,2380
2018-07-16,CH,61
2018-07-16,US,401
2018-07-16,other,473
2018-07-17,CH,9
2018-07-17,US,323
2018-07-17,other,265
2018-07-18,CH,85
2018-07-18,US,372
2018-07-18,other,447
2018-07-19,CH,19
2018-07-19,US,312
2018-07-19,other,229
2018-07-20,CH,72
2018-07-20,US,359
2018-07-20,other,216
2018-07-21,CH,112
2018-07-21,US,397
2018-07-21,other,781
2018-07-22,CH,438
2018-07-22,US,986
2018-07-22,other,1324
2018-07-23,CH,13
2018-07-23,US,230
2018-07-23,other,282
2018-07-24,US,12
2018-07-24,other,2
2018-07-25,CH,1
2018-07-25,US,4
2018-07-25,other,22
2018-07-26,CH,5
2018-07-26,US,20
2018-07-26,other,72
2018-07-27,CH,525
2018-07-27,US,3745
2018-07-27,other,3813
2018-07-28,CH,565
2018-07-28,US,526
2018-07-28,other,2168
2018-07-29,CH,121
2018-07-29,US,2174
2018-07-29,other,2016
2018-07-30,CH,626
2018-07-30,US,3750
2018-07-30,other,4146
2018-07-31,CH,909
2018-07-31,US,4480
2018-07-31,other,4219
2018-08-01,CH,853
2018-08-01,US,3432
2018-08-01,other,5818
2018-08-02,CH,510
2018-08-02,US,2517
2018-08-02,other,4016
2018-08-03,CH,1389
2018-08-03,US,5777
2018-08-03,other,5531
2018-08-04,CH,255
2018-08-04,US,1429
2018-08-04,other,4446
2018-08-05,CH,355
2018-08-05,US,627
2018-08-05,other,4460
2018-08-06,CH,421
2018-08-06,US,4267
2018-08-06,other,6744
2018-08-07,CH,311
2018-08-07,US,2954
2018-08-07,other,4806
2018-08-08,CH,423
2018-08-08,US,2494
2018-08-08,other,4323
2018-08-09,CH,546
2018-08-09,US,2380
2018-08-09,other,4505
2018-08-10,CH,1032
2018-08-10,US,2285
2018-08-10,other,5201
2018-08-11,CH,221
2018-08-11,US,714
2018-08-11,other,1970
2018-08-12,CH,2384
2018-08-12,US,759
2018-08-12,other,4948
2018-08-13,CH,819
2018-08-13,US,2844
2018-08-13,other,4116
2018-08-14,CH,956
2018-08-14,US,4576
2018-08-14,other,3913
2018-08-15,CH,4799
2018-08-15,US,2542
2018-08-15,other,3615
2018-08-16,CH,1090
2018-08-16,US,3687
2018-08-16,other,3705
2018-08-17,CH,678
2018-08-17,US,3670
2018-08-17,other,3939
2018-08-18,CH,139
2018-08-18,US,1299
2018-08-18,other,722
2018-08-19,CH,260
2018-08-19,US,709
2018-08-19,other,529
2018-08-20,CH,1514
2018-08-20,US,3564
2018-08-20,other,5817
2018-08-21,CH,3951
2018-08-21,US,4284
2018-08-21,other,5336
2018-08-22,CH,2485
2018-08-22,US,4520
2018-08-22,other,2839
2018-08-23,CH,1342
2018-08-23,US,3291
2018-08-23,other,1888
2018-08-24,CH,655
2018-08-24,US,3977
2018-08-24,other,2099
2018-08-25,CH,314
2018-08-25,US,3576
2018-08-25,other,511
2018-08-26,CH,333
2018-08-26,US,2380
2018-08-26,other,767
2018-08-27,CH,460
2018-08-27,US,5575
2018-08-27,other,1895
2018-08-28,CH,830
2018-08-28,US,5227
2018-08-28,other,4857
2018-08-29,CH,776
2018-08-29,US,3675
2018-08-29,other,2868
2018-08-30,CH,667
2018-08-30,US,3457
2018-08-30,other,3507
2018-08-31,CH,304
2018-08-31,US,1953
2018-08-31,other,6015
2018-09-01,CH,217
2018-09-01,US,1925
2018-09-01,other,5270
2018-09-02,CH,215
2018-09-02,US,697
2018-09-02,other,4632
2018-09-03,CH,275
2018-09-03,US,1446
2018-09-03,other,5106
2018-09-04,CH,278
2018-09-04,US,2614
2018-09-04,other,2979
2018-09-05,CH,450
2018-09-05,US,2393
2018-09-05,other,2441
2018-09-06,CH,286
2018-09-06,US,2632
2018-09-06,other,6909
2018-09-07,CH,649
2018-09-07,US,3172
2018-09-07,other,7502
2018-09-08,CH,182
2018-09-08,US,1023
2018-09-08,other,1204
2018-09-09,CH,199
2018-09-09,US,7589
2018-09-09,other,1355
2018-09-10,CH,899
2018-09-10,US,2537
2018-09-10,other,3136
2018-09-11,CH,1018
2018-09-11,US,3580
2018-09-11,other,3609
2018-09-12,CH,1226
2018-09-12,US,6243
2018-09-12,other,3774
2018-09-13,CH,790
2018-09-13,US,2101
2018-09-13,other,3387
2018-09-14,CH,1112
2018-09-14,US,2455
2018-09-14,other,3229
2018-09-15,CH,201
2018-09-15,US,851
2018-09-15,other,2619
2018-09-16,CH,255
2018-09-16,US,1364
2018-09-16,other,1561
2018-09-17,CH,527
2018-09-17,US,2867
2018-09-17,other,3817
2018-09-18,CH,859
2018-09-18,US,3084
2018-09-18,other,3804
2018-09-19,CH,820
2018-09-19,US,4089
2018-09-19,other,3803
2018-09-20,CH,342
2018-09-20,US,1884
2018-09-20,other,3756
2018-09-21,CH,556
2018-09-21,US,1949
2018-09-21,other,2024
2018-09-22,CH,361
2018-09-22,US,1181
2018-09-22,other,632
2018-09-23,CH,216
2018-09-23,US,1679
2018-09-23,other,1177
2018-09-24,CH,1490
2018-09-24,US,4057
2018-09-24,other,1844
2018-09-25,CH,1065
2018-09-25,US,4013
2018-09-25,other,2565
2018-09-26,CH,1817
2018-09-26,US,2851
2018-09-26,other,4892
2018-09-27,CH,428
2018-09-27,US,2399
2018-09-27,other,5534
2018-09-28,CH,316
2018-09-28,US,2489
2018-09-28,other,3262
2018-09-29,CH,250
2018-09-29,US,864
2018-09-29,other,1739
2018-09-30,CH,325
2018-09-30,US,844
2018-09-30,other,5293
2018-10-01,CH,656
2018-10-01,US,6147
2018-10-01,other,6721
2018-10-02,CH,388
2018-10-02,US,5195
2018-10-02,other,6479
2018-10-03,CH,556
2018-10-03,US,2787
2018-10-03,other,1866
2018-10-04,CH,824
2018-10-04,US,2915
2018-10-04,other,2560
2018-10-05,CH,489
2018-10-05,US,2056
2018-10-05,other,3677
2018-10-06,CH,309
2018-10-06,US,554
2018-10-06,other,614
2018-10-07,CH,312
2018-10-07,US,882
2018-10-07,other,2005
2018-10-08,CH,483
2018-10-08,US,2070
2018-10-08,other,6557
2018-10-09,CH,1573
2018-10-09,US,2951
2018-10-09,other,4589
2018-10-10,CH,2758
2018-10-10,US,6070
2018-10-10,other,2928
2018-10-11,CH,1299
2018-10-11,US,2534
2018-10-11,other,2130
2018-10-12,CH,1045
2018-10-12,US,2709
2018-10-12,other,1686
2018-10-13,CH,318
2018-10-13,US,656
2018-10-13,other,624
2018-10-14,CH,298
2018-10-14,US,1787
2018-10-14,other,801
2018-10-15,CH,1398
2018-10-15,US,6386
2018-10-15,other,2767
2018-10-16,CH,933
2018-10-16,US,4139
2018-10-16,other,2818
2018-10-17,CH,1256
2018-10-17,US,3332
2018-10-17,other,2194
2018-10-18,CH,972
2018-10-18,US,4913
2018-10-18,other,2497
2018-10-19,CH,657
2018-10-19,US,4563
2018-10-19,other,1985
2018-10-20,CH,325
2018-10-20,US,708
2018-10-20,other,839
2018-10-21,CH,604
2018-10-21,US,653
2018-10-21,other,995
2018-10-22,CH,2065
2018-10-22,US,2905
2018-10-22,other,3664
2018-10-23,CH,800
2018-10-23,US,3709
2018-10-23,other,8081
2018-10-24,CH,1984
2018-10-24,US,4601
2018-10-24,other,7666
2018-10-25,CH,274
2018-10-25,US,2389
2018-10-25,other,2475
2018-10-26,CH,784
2018-10-26,US,6393
2018-10-26,other,6298
2018-10-27,CH,328
2018-10-27,US,3210
2018-10-27,other,1356
2018-10-28,CH,463
2018-10-28,US,2831
2018-10-28,other,598
2018-10-29,CH,1021
2018-10-29,US,5532
2018-10-29,other,3022
2018-10-30,CH,745
2018-10-30,US,4817
2018-10-30,other,2570
2018-10-31,CH,1258
2018-10-31,US,5201
2018-10-31,other,5850
2018-11-01,CH,1064
2018-11-01,US,2816
2018-11-01,other,4808
2018-11-02,CH,987
2018-11-02,US,3360
2018-11-02,other,6236
2018-11-03,CH,523
2018-11-03,US,1790
2018-11-03,other,3813
2018-11-04,CH,826
2018-11-04,US,1464
2018-11-04,other,3873
2018-11-05,CH,689
2018-11-05,US,3313
2018-11-05,other,5778
2018-11-06,CH,1284
2018-11-06,US,3062
2018-11-06,other,6959
2018-11-07,CH,1118
2018-11-07,US,4202
2018-11-07,other,5408
2018-11-08,CH,1170
2018-11-08,US,3596
2018-11-08,other,11117
2018-11-09,CH,794
2018-11-09,US,3331
2018-11-09,other,6126
2018-11-10,CH,433
2018-11-10,US,774
2018-11-10,other,3817
2018-11-11,CH,529
2018-11-11,US,901
2018-11-11,other,3799
2018-11-12,CH,1125
2018-11-12,US,1887
2018-11-12,other,5580
2018-11-13,CH,1201
2018-11-13,US,3966
2018-11-13,other,5240
2018-11-14,CH,1545
2018-11-14,US,3058
2018-11-14,other,6226
2018-11-15,CH,1069
2018-11-15,US,2403
2018-11-15,other,5530
2018-11-16,CH,982
2018-11-16,US,2199
2018-11-16,other,5257
2018-11-17,CH,530
2018-11-17,US,3450
2018-11-17,other,3371
2018-11-18,CH,674
2018-11-18,US,841
2018-11-18,other,1963
2018-11-19,CH,1303
2018-11-19,US,4182
2018-11-19,other,5030
2018-11-20,CH,1580
2018-11-20,US,2780
2018-11-20,other,3548
2018-11-21,CH,3901
2018-11-21,US,3660
2018-11-21,other,3575
2018-11-22,CH,3956
2018-11-22,US,2043
2018-11-22,other,4209
2018-11-23,CH,3600
2018-11-23,US,836
2018-11-23,other,3075
2018-11-24,CH,3190
2018-11-24,US,1137
2018-11-24,other,1560
2018-11-25,CH,3107
2018-11-25,US,630
2018-11-25,other,1582
2018-11-26,CH,3937
2018-11-26,US,3374
2018-11-26,other,3910
2018-11-27,CH,4189
2018-11-27,US,4107
2018-11-27,other,3920
2018-11-28,CH,2985
2018-11-28,US,2468
2018-11-28,other,4046
2018-11-29,CH,2462
2018-11-29,US,2632
2018-11-29,other,4414
2018-11-30,CH,1544
2018-11-30,US,3284
2018-11-30,other,4424
2018-12-01,CH,518
2018-12-01,US,937
2018-12-01,other,1287
2018-12-02,CH,368
2018-12-02,US,925
2018-12-02,other,814
2018-12-03,CH,965
2018-12-03,US,4191
2018-12-03,other,2535
2018-12-04,CH,796
2018-12-04,US,3354
2018-12-04,other,2327
2018-12-05,CH,759
2018-12-05,US,4436
2018-12-05,other,4850
2018-12-06,CH,1617
2018-12-06,US,4106
2018-12-06,other,15319
2018-12-07,CH,2939
2018-12-07,US,2504
2018-12-07,other,6127
2018-12-08,CH,2866
2018-12-08,US,1113
2018-12-08,other,2890
2018-12-09,CH,981
2018-12-09,US,7025
2018-12-09,other,3502
2018-12-10,CH,2581
2018-12-10,US,2385
2018-12-10,other,10351
2018-12-11,CH,12079
2018-12-11,US,5464
2018-12-11,other,12022
2018-12-12,CH,3953
2018-12-12,US,3805
2018-12-12,other,2252
2018-12-13,CH,4136
2018-12-13,US,2692
2018-12-13,other,2250
2018-12-14,CH,1683
2018-12-14,US,3011
2018-12-14,other,2465
2018-12-15,CH,1094
2018-12-15,US,1465
2018-12-15,other,404
2018-12-16,CH,6775
2018-12-16,US,495
2018-12-16,other,621
2018-12-17,CH,2101
2018-12-17,US,5141
2018-12-17,other,2467
2018-12-18,CH,1658
2018-12-18,US,6965
2018-12-18,other,2217
2018-12-19,CH,4683
2018-12-19,US,3874
2018-12-19,other,1777
2018-12-20,CH,2000
2018-12-20,US,2174
2018-12-20,other,1917
2018-12-21,CH,630
2018-12-21,US,1531
2018-12-21,other,1218
2018-12-22,CH,347
2018-12-22,US,441
2018-12-22,other,374
2018-12-23,CH,341
2018-12-23,US,478
2018-12-23,other,346
2018-12-24,CH,349
2018-12-24,US,455
2018-12-24,other,403
2018-12-25,CH,336
2018-12-25,US,460
2018-12-25,other,959
2018-12-26,CH,325
2018-12-26,US,1291
2018-12-26,other,661
2018-12-27,CH,411
2018-12-27,US,760
2018-12-27,other,507
2018-12-28,CH,384
2018-12-28,US,1267
2018-12-28,other,737
2018-12-29,CH,344
2018-12-29,US,312
2018-12-29,other,440
2018-12-30,CH,512
2018-12-30,US,868
2018-12-30,other,607
2018-12-31,CH,470
2018-12-31,US,696
2018-12-31,other,881
2019-01-01,CH,497
2019-01-01,US,604
2019-01-01,other,829
2019-01-02,CH,613
2019-01-02,US,1041
2019-01-02,other,3800
2019-01-03,CH,450
2019-01-03,US,3434
2019-01-03,other,7670
2019-01-04,CH,537
2019-01-04,US,3896
2019-01-04,other,1467
2019-01-05,CH,355
2019-01-05,US,1141
2019-01-05,other,1271
2019-01-06,CH,436
2019-01-06,US,931
2019-01-06,other,1441
2019-01-07,CH,2724
2019-01-07,US,1967
2019-01-07,other,3023
2019-01-08,CH,3163
2019-01-08,US,2145
2019-01-08,other,6273
2019-01-09,CH,4751
2019-01-09,US,2074
2019-01-09,other,6839
2019-01-10,CH,2872
2019-01-10,US,2541
2019-01-10,other,4733
2019-01-11,CH,1868
2019-01-11,US,3045
2019-01-11,other,4432
2019-01-12,CH,956
2019-01-12,US,1248
2019-01-12,other,2600
2019-01-13,CH,1140
2019-01-13,US,1088
2019-01-13,other,3937
2019-01-14,CH,1477
2019-01-14,US,2102
2019-01-14,other,4359
2019-01-15,CH,777
2019-01-15,US,3307
2019-01-15,other,4732
2019-01-16,CH,2585
2019-01-16,US,3091
2019-01-16,other,3159
2019-01-17,CH,3127
2019-01-17,US,2620
2019-01-17,other,2916
2019-01-18,CH,3442
2019-01-18,US,2965
2019-01-18,other,2365
2019-01-19,CH,11506
2019-01-19,US,1367
2019-01-19,other,545
2019-01-20,CH,265
2019-01-20,US,1111
2019-01-20,other,283
2019-01-21,CH,13125
2019-01-21,US,1551
2019-01-21,other,2650
2019-01-22,CH,11378
2019-01-22,US,2730
2019-01-22,other,1958
2019-01-23,CH,15832
2019-01-23,US,3104
2019-01-23,other,3549
2019-01-24,CH,14245
2019-01-24,US,2084
2019-01-24,other,3530
2019-01-25,CH,28688
2019-01-25,US,3594
2019-01-25,other,9815
2019-01-26,CH,17576
2019-01-26,US,2365
2019-01-26,other,7306
2019-01-27,CH,22744
2019-01-27,US,1190
2019-01-27,other,2231
2019-01-28,CH,40057
2019-01-28,US,3578
2019-01-28,other,27046
2019-01-29,CH,24287
2019-01-29,US,3485
2019-01-29,other,8800
2019-01-30,CH,29158
2019-01-30,US,2834
2019-01-30,other,2669
2019-01-31,CH,25401
2019-01-31,US,3241
2019-01-31,other,6467
2019-02-01,CH,54073
2019-02-01,US,3941
2019-02-01,other,6609
2019-02-02,CH,64075
2019-02-02,US,1811
2019-02-02,other,2155
2019-02-03,CH,37193
2019-02-03,US,1250
2019-02-03,other,1671
2019-02-04,CH,31056
2019-02-04,US,3207
2019-02-04,other,2719
2019-02-05,CH,37970
2019-02-05,US,3089
2019-02-05,other,2053
2019-02-06,CH,23010
2019-02-06,US,2384
2019-02-06,other,7142
2019-02-07,CH,23189
2019-02-07,US,2796
2019-02-07,other,7763
2019-02-08,CH,19180
2019-02-08,US,3331
2019-02-08,other,13455
2019-02-09,CH,13254
2019-02-09,US,620
2019-02-09,other,1819
2019-02-10,CH,13260
2019-02-10,US,609
2019-02-10,other,1946
2019-02-11,CH,13707
2019-02-11,US,1886
2019-02-11,other,5713
2019-02-12,CH,13974
2019-02-12,US,3899
2019-02-12,other,4490
2019-02-13,CH,20875
2019-02-13,US,6710
2019-02-13,other,2611
2019-02-14,CH,30287
2019-02-14,US,4422
2019-02-14,other,4205
2019-02-15,CH,27551
2019-02-15,US,4701
2019-02-15,other,2821
2019-02-16,CH,19609
2019-02-16,US,587
2019-02-16,other,1374
2019-02-17,CH,20772
2019-02-17,US,876
2019-02-17,other,682
2019-02-18,CH,21914
2019-02-18,US,2010
2019-02-18,other,3043
2019-02-19,CH,28185
2019-02-19,US,3094
2019-02-19,other,4935
2019-02-20,CH,29387
2019-02-20,US,5624
2019-02-20,other,2552
2019-02-21,CH,18683
2019-02-21,US,6553
2019-02-21,other,2296
2019-02-22,CH,30970
2019-02-22,US,4523
2019-02-22,other,3690
2019-02-23,CH,35813
2019-02-23,US,1114
2019-02-23,other,908
2019-02-24,CH,28352
2019-02-24,US,1269
2019-02-24,other,1089
2019-02-25,CH,17769
2019-02-25,US,5415
2019-02-25,other,4252
2019-02-26,CH,13802
2019-02-26,US,4383
2019-02-26,other,3418
2019-02-27,CH,14005
2019-02-27,US,4090
2019-02-27,other,4033
2019-02-28,CH,14245
2019-02-28,US,3108
2019-02-28,other,3044
2019-03-01,CH,15007
2019-03-01,US,3801
2019-03-01,other,3076
2019-03-02,CH,13149
2019-03-02,US,674
2019-03-02,other,959
2019-03-03,CH,13014
2019-03-03,US,527
2019-03-03,other,2098
2019-03-04,CH,13692
2019-03-04,US,5858
2019-03-04,other,2953
2019-03-05,CH,15295
2019-03-05,US,6736
2019-03-05,other,3556
2019-03-06,CH,14789
2019-03-06,US,6260
2019-03-06,other,4604
2019-03-07,CH,13313
2019-03-07,US,4720
2019-03-07,other,8218
2019-03-08,CH,13353
2019-03-08,US,3293
2019-03-08,other,2676
2019-03-09,CH,13228
2019-03-09,US,2580
2019-03-09,other,1771
2019-03-10,CH,13001
2019-03-10,US,948
2019-03-10,other,2155
2019-03-11,CH,13392
2019-03-11,US,2635
2019-03-11,other,4377
2019-03-12,CH,13614
2019-03-12,US,2958
2019-03-12,other,5546
2019-03-13,CH,14167
2019-03-13,US,2841
2019-03-13,other,2922
2019-03-14,CH,16596
2019-03-14,US,3244
2019-03-14,other,6509
2019-03-15,CH,16743
2019-03-15,US,1751
2019-03-15,other,5013
2019-03-16,CH,13012
2019-03-16,US,973
2019-03-16,other,664
2019-03-17,CH,12998
2019-03-17,US,985
2019-03-17,other,659
2019-03-18,CH,14049
2019-03-18,US,2828
2019-03-18,other,3064
2019-03-19,CH,13782
2019-03-19,US,2895
2019-03-19,other,3361
2019-03-20,CH,14950
2019-03-20,US,1866
2019-03-20,other,2093
2019-03-21,CH,12984
2019-03-21,US,2624
2019-03-21,other,2701
2019-03-22,CH,12743
2019-03-22,US,1807
2019-03-22,other,5626
2019-03-23,CH,12308
2019-03-23,US,485
2019-03-23,other,10853
2019-03-24,CH,12165
2019-03-24,US,528
2019-03-24,other,4188
2019-03-25,CH,15240
2019-03-25,US,2331
2019-03-25,other,2784
2019-03-26,CH,15076
2019-03-26,US,2829
2019-03-26,other,3953
2019-03-27,CH,14312
2019-03-27,US,2772
2019-03-27,other,7786
2019-03-28,CH,16924
2019-03-28,US,1946
2019-03-28,other,33435
2019-03-29,CH,15815
2019-03-29,US,2682
2019-03-29,other,13325
2019-03-30,CH,12367
2019-03-30,US,911
2019-03-30,other,4162
2019-03-31,CH,12225
2019-03-31,US,1067
2019-03-31,other,8902
2019-04-01,CH,27535
2019-04-01,US,2001
2019-04-01,other,11823
2019-04-02,CH,23014
2019-04-02,US,2975
2019-04-02,other,7051
2019-04-03,CH,16593
2019-04-03,US,4697
2019-04-03,other,5636
2019-04-04,CH,12895
2019-04-04,US,4439
2019-04-04,other,20097
2019-04-05,CH,12825
2019-04-05,US,2869
2019-04-05,other,8019
2019-04-06,CH,12447
2019-04-06,US,1127
2019-04-06,other,10022
2019-04-07,CH,12382
2019-04-07,US,792
2019-04-07,other,6459
2019-04-08,CH,12734
2019-04-08,US,2229
2019-04-08,other,6411
2019-04-09,CH,15602
2019-04-09,US,3185
2019-04-09,other,4122
2019-04-10,CH,13021
2019-04-10,US,3022
2019-04-10,other,4433
2019-04-11,CH,13078
2019-04-11,US,2296
2019-04-11,other,3607
2019-04-12,CH,12815
2019-04-12,US,1963
2019-04-12,other,12979
2019-04-13,CH,4831
2019-04-13,US,285
2019-04-13,other,1302
2019-04-14,CH,12395
2019-04-14,US,581
2019-04-14,other,640
2019-04-15,CH,12920
2019-04-15,US,1725
2019-04-15,other,2404
2019-04-16,CH,13028
2019-04-16,US,2205
2019-04-16,other,2806
2019-04-17,CH,13213
2019-04-17,US,8636
2019-04-17,other,7668
2019-04-18,CH,14353
2019-04-18,US,2297
2019-04-18,other,4754
2019-04-19,CH,12343
2019-04-19,US,2216
2019-04-19,other,3890
2019-04-20,CH,12323
2019-04-20,US,1463
2019-04-20,other,4723
2019-04-21,CH,12536
2019-04-21,US,579
2019-04-21,other,2753
2019-04-22,CH,12509
2019-04-22,US,2846
2019-04-22,other,1353
2019-04-23,CH,12516
2019-04-23,US,2422
2019-04-23,other,13185
2019-04-24,CH,12388
2019-04-24,US,1127
2019-04-24,other,3374
2019-04-25,CH,1817
2019-04-25,US,365
2019-04-25,other,42
2019-04-28,CH,2190
2019-04-28,US,153
2019-04-28,other,68
2019-04-29,CH,12802
2019-04-29,US,2317
2019-04-29,other,3237
2019-04-30,CH,12493
2019-04-30,US,2047
2019-04-30,other,2776
2019-05-01,CH,15917
2019-05-01,US,2219
2019-05-01,other,3078
2019-05-02,CH,12996
2019-05-02,US,2728
2019-05-02,other,7098
2019-05-03,CH,13786
2019-05-03,US,1766
2019-05-03,other,3394
2019-05-04,CH,12533
2019-05-04,US,853
2019-05-04,other,2007
2019-05-05,CH,12712
2019-05-05,US,1241
2019-05-05,other,2430
2019-05-06,CH,13241
2019-05-06,US,3354
2019-05-06,other,4681
2019-05-07,CH,12802
2019-05-07,US,6113
2019-05-07,other,11354
2019-05-08,CH,12965
2019-05-08,US,5659
2019-05-08,other,7586
2019-05-09,CH,14189
2019-05-09,US,2310
2019-05-09,other,2318
2019-05-10,CH,12703
2019-05-10,US,1580
2019-05-10,other,4675
2019-05-11,CH,12486
2019-05-11,US,1092
2019-05-11,other,31685
2019-05-12,CH,12483
2019-05-12,US,765
2019-05-12,other,16730
2019-05-13,CH,13166
2019-05-13,US,1861
2019-05-13,other,5473
2019-05-14,CH,13992
2019-05-14,US,2790
2019-05-14,other,3005
2019-05-15,CH,13150
2019-05-15,US,3776
2019-05-15,other,4556
2019-05-16,CH,12878
2019-05-16,US,3271
2019-05-16,other,2884
2019-05-17,CH,12490
2019-05-17,US,1932
2019-05-17,other,5089
2019-05-18,CH,12403
2019-05-18,US,478
2019-05-18,other,44520
2019-05-19,CH,13274
2019-05-19,US,345
2019-05-19,other,4325
2019-05-20,CH,16591
2019-05-20,US,1577
2019-05-20,other,6961
2019-05-21,CH,13022
2019-05-21,US,1932
2019-05-21,other,3882
2019-05-22,CH,12994
2019-05-22,US,1695
2019-05-22,other,7193
2019-05-23,CH,12985
2019-05-23,US,2025
2019-05-23,other,20153
2019-05-24,CH,13270
2019-05-24,US,1986
2019-05-24,other,9789
2019-05-25,CH,12375
2019-05-25,US,579
2019-05-25,other,10185
2019-05-26,CH,12453
2019-05-26,US,487
2019-05-26,other,9184
2019-05-27,CH,12614
2019-05-27,US,1026
2019-05-27,other,3489
2019-05-28,CH,12828
2019-05-28,US,2969
2019-05-28,other,6596
2019-05-29,CH,13034
2019-05-29,US,11713
2019-05-29,other,20038
2019-05-30,CH,12683
2019-05-30,US,1834
2019-05-30,other,17894
2019-05-31,CH,12815
2019-05-31,US,2098
2019-05-31,other,14036
2019-06-01,CH,12345
2019-06-01,US,2727
2019-06-01,other,6814
2019-06-02,CH,12419
2019-06-02,US,2756
2019-06-02,other,43454
2019-06-03,CH,12516
2019-06-03,US,4919
2019-06-03,other,15373
2019-06-04,CH,14483
2019-06-04,US,21906
2019-06-04,other,4668
2019-06-05,CH,13541
2019-06-05,US,10552
2019-06-05,other,11414
2019-06-06,CH,12636
2019-06-06,US,6605
2019-06-06,other,10439
2019-06-07,CH,30962
2019-06-07,US,6986
2019-06-07,other,6348
2019-06-08,CH,14332
2019-06-08,US,1103
2019-06-08,other,3202
2019-06-09,CH,12336
2019-06-09,US,3860
2019-06-09,other,2388
2019-06-10,CH,12521
2019-06-10,US,5417
2019-06-10,other,3541
2019-06-11,CH,13541
2019-06-11,US,4178
2019-06-11,other,4588
2019-06-12,CH,12889
2019-06-12,US,2817
2019-06-12,other,7011
2019-06-13,CH,12975
2019-06-13,US,2111
2019-06-13,other,5713
2019-06-14,CH,13994
2019-06-14,US,5248
2019-06-14,other,3263
2019-06-15,CH,12370
2019-06-15,US,3671
2019-06-15,other,1285
2019-06-16,CH,4453
2019-06-16,US,4429
2019-06-16,other,1557
2019-06-17,CH,673
2019-06-17,US,7575
2019-06-17,other,4903
2019-06-18,CH,1083
2019-06-18,US,2555
2019-06-18,other,4026
2019-06-19,CH,1893
2019-06-19,US,3686
2019-06-19,other,40143
2019-06-20,CH,1183
2019-06-20,US,3337
2019-06-20,other,22313
2019-06-21,CH,2463
2019-06-21,US,2190
2019-06-21,other,15754
2019-06-22,CH,529
2019-06-22,US,1035
2019-06-22,other,34085
2019-06-23,CH,557
2019-06-23,US,7706
2019-06-23,other,1978
2019-06-24,CH,810
2019-06-24,US,12275
2019-06-24,other,2988
2019-06-25,CH,1320
2019-06-25,US,19678
2019-06-25,other,2618
2019-06-26,CH,761
2019-06-26,US,4354
2019-06-26,other,2988
2019-06-27,CH,1260
2019-06-27,US,4313
2019-06-27,other,2842
2019-06-28,CH,2138
2019-06-28,US,3426
2019-06-28,other,4252
2019-06-29,CH,1060
2019-06-29,US,988
2019-06-29,other,5060
2019-06-30,CH,341
2019-06-30,US,598
2019-06-30,other,1466
2019-07-01,CH,751
2019-07-01,US,1793
2019-07-01,other,2644
2019-07-02,CH,1312
2019-07-02,US,4418
2019-07-02,other,4503
2019-07-03,CH,1973
2019-07-03,US,2913
2019-07-03,other,3676
2019-07-04,CH,1252
2019-07-04,US,1825
2019-07-04,other,35039
2019-07-05,CH,908
2019-07-05,US,1614
2019-07-05,other,10825
2019-07-06,CH,425
2019-07-06,US,1499
2019-07-06,other,6696
2019-07-07,CH,1158
2019-07-07,US,669
2019-07-07,other,4159
2019-07-08,CH,1484
2019-07-08,US,3646
2019-07-08,other,25521
2019-07-09,CH,779
2019-07-09,US,4652
2019-07-09,other,79364
2019-07-10,CH,1034
2019-07-10,US,4650
2019-07-10,other,136425
2019-07-11,CH,1755
2019-07-11,US,5575
2019-07-11,other,124626
2019-07-12,CH,3383
2019-07-12,US,4470
2019-07-12,other,36083
2019-07-13,CH,943
2019-07-13,US,1596
2019-07-13,other,6839
2019-07-14,CH,442
2019-07-14,US,4035
2019-07-14,other,3044
2019-07-15,CH,957
2019-07-15,US,5255
2019-07-15,other,5302
2019-07-16,CH,1710
2019-07-16,US,4463
2019-07-16,other,4099
2019-07-17,CH,1878
2019-07-17,US,5963
2019-07-17,other,5516
2019-07-18,CH,1863
2019-07-18,US,5301
2019-07-18,other,3699
2019-07-19,CH,3672
2019-07-19,US,3707
2019-07-19,other,2918
2019-07-20,CH,438
2019-07-20,US,1342
2019-07-20,other,1570
2019-07-21,CH,432
2019-07-21,US,2161
2019-07-21,other,1415
2019-07-22,CH,554
2019-07-22,US,5134
2019-07-22,other,2963
2019-07-23,CH,1549
2019-07-23,US,5115
2019-07-23,other,3085
2019-07-24,CH,462
2019-07-24,US,5830
2019-07-24,other,5037
2019-07-25,CH,757
2019-07-25,US,4429
2019-07-25,other,3858
2019-07-26,CH,741
2019-07-26,US,3764
2019-07-26,other,4582
2019-07-27,CH,479
2019-07-27,US,2922
2019-07-27,other,1449
2019-07-28,CH,475
2019-07-28,US,2343
2019-07-28,other,2265
2019-07-29,CH,990
2019-07-29,US,3383
2019-07-29,other,4633
2019-07-30,CH,788
2019-07-30,US,3166
2019-07-30,other,3990
2019-07-31,CH,1668
2019-07-31,US,3267
2019-07-31,other,5405
2019-08-01,CH,728
2019-08-01,US,4245
2019-08-01,other,4559
2019-08-02,CH,701
2019-08-02,US,4550
2019-08-02,other,6124
2019-08-03,CH,419
2019-08-03,US,2013
2019-08-03,other,3668
2019-08-04,CH,431
2019-08-04,US,1848
2019-08-04,other,4418
2019-08-05,CH,926
2019-08-05,US,3049
2019-08-05,other,4660
2019-08-06,CH,566
2019-08-06,US,3869
2019-08-06,other,6906
2019-08-07,CH,1613
2019-08-07,US,4856
2019-08-07,other,11599
2019-08-08,CH,478
2019-08-08,US,5800
2019-08-08,other,16022
2019-08-09,CH,1137
2019-08-09,US,5867
2019-08-09,other,26022
2019-08-10,CH,436
2019-08-10,US,1545
2019-08-10,other,4395
2019-08-11,CH,498
2019-08-11,US,1733
2019-08-11,other,2121
2019-08-12,CH,664
2019-08-12,US,3312
2019-08-12,other,3832
2019-08-13,CH,725
2019-08-13,US,3814
2019-08-13,other,20288
2019-08-14,CH,938
2019-08-14,US,4121
2019-08-14,other,4845
2019-08-15,CH,1647
2019-08-15,US,3457
2019-08-15,other,3996
2019-08-16,CH,1323
2019-08-16,US,3302
2019-08-16,other,3128
2019-08-17,CH,452
2019-08-17,US,1646
2019-08-17,other,5663
2019-08-18,CH,534
2019-08-18,US,1807
2019-08-18,other,1071
2019-08-19,CH,594
2019-08-19,US,4044
2019-08-19,other,5976
2019-08-20,CH,663
2019-08-20,US,5975
2019-08-20,other,8287
2019-08-21,CH,903
2019-08-21,US,5435
2019-08-21,other,6760
2019-08-22,CH,1224
2019-08-22,US,5926
2019-08-22,other,10764
2019-08-23,CH,650
2019-08-23,US,28357
2019-08-23,other,8476
2019-08-24,CH,411
2019-08-24,US,1953
2019-08-24,other,5626
2019-08-25,CH,434
2019-08-25,US,1619
2019-08-25,other,6476
2019-08-26,CH,644
2019-08-26,US,16561
2019-08-26,other,6299
2019-08-27,CH,1261
2019-08-27,US,14176
2019-08-27,other,7182
2019-08-28,CH,677
2019-08-28,US,6984
2019-08-28,other,10537
2019-08-29,CH,752
2019-08-29,US,12187
2019-08-29,other,7584
2019-08-30,CH,618
2019-08-30,US,3883
2019-08-30,other,6987
2019-08-31,CH,515
2019-08-31,US,1798
2019-08-31,other,7364
2019-09-01,CH,413
2019-09-01,US,1788
2019-09-01,other,2623
2019-09-02,CH,429
2019-09-02,US,2084
2019-09-02,other,2701
2019-09-03,CH,924
2019-09-03,US,13118
2019-09-03,other,3647
2019-09-04,CH,719
2019-09-04,US,5258
2019-09-04,other,7445
2019-09-05,CH,487
2019-09-05,US,13693
2019-09-05,other,3379
2019-09-06,CH,757
2019-09-06,US,23801
2019-09-06,other,3887
2019-09-07,CH,508
2019-09-07,US,2186
2019-09-07,other,1343
2019-09-08,CH,374
2019-09-08,US,2036
2019-09-08,other,2654
2019-09-09,CH,523
2019-09-09,US,31678
2019-09-09,other,3399
2019-09-10,CH,1045
2019-09-10,US,6434
2019-09-10,other,2838
2019-09-11,CH,802
2019-09-11,US,5273
2019-09-11,other,2117
2019-09-12,CH,733
2019-09-12,US,23027
2019-09-12,other,3226
2019-09-13,CH,691
2019-09-13,US,11759
2019-09-13,other,1713
2019-09-14,CH,190
2019-09-14,US,8310
2019-09-14,other,757
2019-09-15,CH,202
2019-09-15,US,2441
2019-09-15,other,880
2019-09-16,CH,362
2019-09-16,US,6316
2019-09-16,other,1995
2019-09-17,CH,508
2019-09-17,US,7442
2019-09-17,other,3988
2019-09-18,CH,677
2019-09-18,US,5143
2019-09-18,other,2439
2019-09-19,CH,569
2019-09-19,US,19192
2019-09-19,other,3499
2019-09-20,CH,699
2019-09-20,US,13223
2019-09-20,other,2119
2019-09-21,CH,432
2019-09-21,US,1530
2019-09-21,other,2828
2019-09-22,CH,395
2019-09-22,US,683
2019-09-22,other,1488
